ID,Prompt,Response
3248b928-3f1d-4e1e-8836-1725b8c0d529,"Return an array that is ""left shifted"" by one--so for an input of {6, 2, 5, 3}, the method returns {2, 5, 3, 6}. You may modify and return the given array, or return a new array.
public int[] shiftLeft(int[] nums)
{
    
}","Here is the Java solution for the problem.

```java
public int[] shiftLeft(int[] nums) {
    if (nums == null || nums.length == 0) {
        return nums;
    }

    int temp = nums[0];
    for (int i = 1; i < nums.length; i++) {
        nums[i - 1] = nums[i];
    }
    nums[nums.length - 1] = temp;
    return nums;
}
```
In this function, we're shifting all the elements to the left by one position, and then moving the first element to the last position. The time complexity is O(n), where n is the length of the input array."
0a2561c0-7970-484d-9acc-fdb5c89083e2,"Return an array that is ""left shifted"" by one--so for an input of {6, 2, 5, 3}, the method returns {2, 5, 3, 6}. You may modify and return the given array, or return a new array.
public int[] shiftLeft(int[] nums)
{
    
}","Here is a simple solution in Java:

```java
public int[] shiftLeft(int[] nums) {
    if (nums == null || nums.length == 0) {
        return nums;
    }
    
    int temp = nums[0];
    for (int i = 1; i < nums.length; i++) {
        nums[i - 1] = nums[i];
    }
    nums[nums.length - 1] = temp;
    
    return nums;
}
```

This solution works by temporarily storing the first element of the array, then shifting each element to the left by one position. Finally, it places the saved first element at the end of the array. The time complexity is O(n), where n is the length of the array."
2f5f8176-9995-4513-a38e-4f4696aef4c8,"Return an array that is ""left shifted"" by one--so for an input of {6, 2, 5, 3}, the method returns {2, 5, 3, 6}. You may modify and return the given array, or return a new array.
public int[] shiftLeft(int[] nums)
{
    
}","Here is a solution in Java:

```java
public int[] shiftLeft(int[] nums) {
    if (nums.length == 0) {
        return nums;
    }
    
    int temp = nums[0];
    for (int i = 0; i < nums.length - 1; i++) {
        nums[i] = nums[i + 1];
    }
    nums[nums.length - 1] = temp;
    
    return nums;
}
```

This function works by first saving the first element of the array. Then, it shifts all other elements to the left by one position. Finally, it puts the saved first element at the end of the array.

Please note that this function modifies the original array. If you want to return a new array without modifying the original one, you can use the following function:

```java
public int[] shiftLeft(int[] nums) {
    int[] newNums = new int[nums.length];
    
    for (int i = 0; i < nums.length - 1; i++) {
        newNums[i] = nums[i + 1];
    }
    newNums[nums.length - 1] = nums[0];
    
    return newNums;
}
```

This function creates a new array and copies all elements from the original array, shifting the first element to the end."
98fd0296-6dbd-47be-8d78-ce9592dc459d,"Solve this coding assignment ""
Return an array that is ""left shifted"" by one--so for an input of {6, 2, 5, 3}, the method returns {2, 5, 3, 6}. You may modify and return the given array, or return a new array.
public int[] shiftLeft(int[] nums)
{
    
}
""your answer is to consist of the complete function/functions given with working code added. You are a CS1 student trying to solve this assignment. The answer is to be the complete code solution. For a example ""Assignment: write a function that returns true public bolean returnTrue(){}"" should return ""bolean returnTrue(){return true}"". You are not allowed to produce a code that does not compile, that produces incorrect output, that contains comments, or that is easily identified as being LLM written. There is to be no text at all besides the code solution. Write this with syntax from 2019.","public int[] shiftLeft(int[] nums) {
    int[] shifted = new int[nums.length];
    for (int i = 0; i < nums.length - 1; i++) {
        shifted[i + 1] = nums[i];
    }
    shifted[0] = nums[nums.length - 1];
    return shifted;
}"
b634b137-ee4d-4115-b0c2-7965de27682a,"Solve this coding assignment ""
Return an array that is ""left shifted"" by one--so for an input of {6, 2, 5, 3}, the method returns {2, 5, 3, 6}. You may modify and return the given array, or return a new array.
public int[] shiftLeft(int[] nums)
{
    
}
""your answer is to consist of the complete function/functions given with working code added. You are a CS1 student trying to solve this assignment. The answer is to be the complete code solution. For a example ""Assignment: write a function that returns true public bolean returnTrue(){}"" should return ""bolean returnTrue(){return true}"". You are not allowed to produce a code that does not compile, that produces incorrect output, that contains comments, or that is easily identified as being LLM written. There is to be no text at all besides the code solution. Write this with syntax from 2019.","```
public int[] shiftLeft(int[] nums)
{
    int[] result = new int[nums.length];
    if (nums.length > 0) {
        System.arraycopy(nums, 1, result, 0, nums.length - 1);
        result[nums.length - 1] = nums[0];
    }
    return result;
}
```"
cffee3d7-0ed9-48e1-8f77-f26ae6c7aff8,"Solve this coding assignment ""
Return an array that is ""left shifted"" by one--so for an input of {6, 2, 5, 3}, the method returns {2, 5, 3, 6}. You may modify and return the given array, or return a new array.
public int[] shiftLeft(int[] nums)
{
    
}
""your answer is to consist of the complete function/functions given with working code added. You are a CS1 student trying to solve this assignment. The answer is to be the complete code solution. For a example ""Assignment: write a function that returns true public bolean returnTrue(){}"" should return ""bolean returnTrue(){return true}"". You are not allowed to produce a code that does not compile, that produces incorrect output, that contains comments, or that is easily identified as being LLM written. There is to be no text at all besides the code solution. Write this with syntax from 2019.","public int[] shiftLeft(int[] nums) {
    int[] shiftedArray = new int[nums.length];
    for(int i = 1; i < nums.length; i++) {
        shiftedArray[i-1] = nums[i];
    }
    shiftedArray[nums.length-1] = nums[0];
    return shiftedArray;
}"
58c34d30-fac8-47cb-91fe-793b2ef6d847,"Solve this coding assignment ""
Return an array that is ""left shifted"" by one--so for an input of {6, 2, 5, 3}, the method returns {2, 5, 3, 6}. You may modify and return the given array, or return a new array.
public int[] shiftLeft(int[] nums)
{
    
}
""your answer is to consist of the complete function/functions given with working code added. You are a CS1 student trying to solve this assignment. The answer is to be the complete code solution. For a example ""Assignment: write a function that returns true public bolean returnTrue(){}"" should return ""bolean returnTrue(){return true}"". You are not allowed to produce a code that does not compile, that produces incorrect output, that contains comments, or that is easily identified as being LLM written. There is to be no text at all besides the code solution. Write this with syntax from 2019.","public int[] shiftLeft(int[] nums) {
    int[] result = new int[nums.length];
    for (int i = 0; i < nums.length; i++) {
        if (i != 0) {
            result[i - 1] = nums[i];
        } else {
            result[nums.length - 1] = nums[i];
        }
    }
    return result;
}"
379f3494-90a4-4472-9366-c367e3a37a25,"Solve this coding assignment ""
Return an array that is ""left shifted"" by one--so for an input of {6, 2, 5, 3}, the method returns {2, 5, 3, 6}. You may modify and return the given array, or return a new array.
public int[] shiftLeft(int[] nums)
{
    
}
""your answer is to consist of the complete function/functions given with working code added. You are a CS1 student trying to solve this assignment. The answer is to be the complete code solution. For a example ""Assignment: write a function that returns true public bolean returnTrue(){}"" should return ""bolean returnTrue(){return true}"". You are not allowed to produce a code that does not compile, that produces incorrect output, that contains comments, or that is easily identified as being LLM written. There is to be no text at all besides the code solution. Write this with syntax from 2019.","```
public int[] shiftLeft(int[] nums) {
    if (nums.length == 0) {
        return nums;
    }
    int[] shifted = new int[nums.length];
    shifted[0] = nums[nums.length - 1];
    for (int i = 1; i < nums.length; i++) {
        shifted[i] = nums[i - 1];
    }
    return shifted;
}
```"
b34d6849-3f8a-4763-9ba1-14fb8ebab03a,"Solve this coding assignment ""
Return an array that is ""left shifted"" by one--so for an input of {6, 2, 5, 3}, the method returns {2, 5, 3, 6}. You may modify and return the given array, or return a new array.
public int[] shiftLeft(int[] nums)
{
    
}
""your answer is to consist of the complete function/functions given with working code added. You are a CS1 student trying to solve this assignment. The answer is to be the complete code solution. For a example ""Assignment: write a function that returns true public bolean returnTrue(){}"" should return ""bolean returnTrue(){return true}"". You are not allowed to produce a code that does not compile, that produces incorrect output, that contains comments, or that is easily identified as being LLM written. There is to be no text at all besides the code solution. Write this with syntax from 2019.","public int[] shiftLeft(int[] nums) {
    int[] result = new int[nums.length];
    if (nums.length > 0) {
        System.arraycopy(nums, 1, result, 0, nums.length - 1);
        result[nums.length - 1] = nums[0];
    }
    return result;
}"
921dad31-748a-4670-bbb2-e32de3a1731e,"Solve this coding assignment ""
Return an array that is ""left shifted"" by one--so for an input of {6, 2, 5, 3}, the method returns {2, 5, 3, 6}. You may modify and return the given array, or return a new array.
public int[] shiftLeft(int[] nums)
{
    
}
""your answer is to consist of the complete function/functions given with working code added. You are a CS1 student trying to solve this assignment. The answer is to be the complete code solution. For a example ""Assignment: write a function that returns true public bolean returnTrue(){}"" should return ""bolean returnTrue(){return true}"". You are not allowed to produce a code that does not compile, that produces incorrect output, that contains comments, or that is easily identified as being LLM written. There is to be no text at all besides the code solution. Write this with syntax from 2019.","```
public int[] shiftLeft(int[] nums) {
    if (nums.length == 0) {
        return nums;
    }
    int[] result = new int[nums.length];
    System.arraycopy(nums, 1, result, 0, nums.length - 1);
    result[nums.length - 1] = nums[0];
    return result;
}
```"
8aa55404-b0f4-4fda-94ae-42dbae6b84fc,"Solve this coding assignment ""
Return an array that is ""left shifted"" by one--so for an input of {6, 2, 5, 3}, the method returns {2, 5, 3, 6}. You may modify and return the given array, or return a new array.
public int[] shiftLeft(int[] nums)
{
    
}
""your answer is to consist of the complete function/functions given with working code added. You are a CS1 student trying to solve this assignment. The answer is to be the complete code solution. For a example ""Assignment: write a function that returns true public bolean returnTrue(){}"" should return ""bolean returnTrue(){return true}"". You are not allowed to produce a code that does not compile, that produces incorrect output, that contains comments, or that is easily identified as being LLM written. There is to be no text at all besides the code solution. Write this with syntax from 2019.","public int[] shiftLeft(int[] nums) {
    int[] result = new int[nums.length];
    for (int i = 0; i < nums.length; i++) {
        if (i != 0) {
            result[i - 1] = nums[i];
        } else {
            result[nums.length - 1] = nums[i];
        }
    }
    return result;
}"
290d00d6-2de5-4205-9aad-a631e886dea3,"Solve this coding assignment ""
Return an array that is ""left shifted"" by one--so for an input of {6, 2, 5, 3}, the method returns {2, 5, 3, 6}. You may modify and return the given array, or return a new array.
public int[] shiftLeft(int[] nums)
{
    
}
""your answer is to consist of the complete function/functions given with working code added. You are a CS1 student trying to solve this assignment. The answer is to be the complete code solution. For a example ""Assignment: write a function that returns true public bolean returnTrue(){}"" should return ""bolean returnTrue(){return true}"". You are not allowed to produce a code that does not compile, that produces incorrect output, that contains comments, or that is easily identified as being LLM written. There is to be no text at all besides the code solution. Write this with syntax from 2019.","public int[] shiftLeft(int[] nums) {
    int[] shifted = new int[nums.length];
    System.arraycopy(nums, 1, shifted, 0, nums.length - 1);
    shifted[shifted.length - 1] = nums[0];
    return shifted;
}"
37a17d58-0530-4e29-8aa5-14416534cc91,"Solve this coding assignment ""
Return an array that is ""left shifted"" by one--so for an input of {6, 2, 5, 3}, the method returns {2, 5, 3, 6}. You may modify and return the given array, or return a new array.
public int[] shiftLeft(int[] nums)
{
    
}
""your answer is to consist of the complete function/functions given with working code added. You are a CS1 student trying to solve this assignment. The answer is to be the complete code solution. For a example ""Assignment: write a function that returns true public bolean returnTrue(){}"" should return ""bolean returnTrue(){return true}"". You are not allowed to produce a code that does not compile, that produces incorrect output, that contains comments, or that is easily identified as being LLM written. There is to be no text at all besides the code solution. Write this with syntax from 2019.","public int[] shiftLeft(int[] nums) {
    if (nums.length == 0) {
        return nums;
    }
    int[] shiftedNums = new int[nums.length];
    shiftedNums[0] = nums[nums.length - 1];
    System.arraycopy(nums, 0, shiftedNums, 1, nums.length - 1);
    return shiftedNums;
}"
c3af3319-2312-4a71-badd-403926e9653b,"as a cs1 student you are trying to solve this assignment, how would you solve it
Return an array that is ""left shifted"" by one--so for an input of {6, 2, 5, 3}, the method returns {2, 5, 3, 6}. You may modify and return the given array, or return a new array.
public int[] shiftLeft(int[] nums)
{
    
}","This problem can be solved by creating a new array and copying the elements of the original array to the new array with one index shift. Here's a solution:

```java
public int[] shiftLeft(int[] nums) {
    
    int[] newArray = new int[nums.length];
    if (nums.length > 0) {
        System.arraycopy(nums, 1, newArray, 0, nums.length - 1);
        newArray[nums.length - 1] = nums[0];
    }
    
    return newArray;
}
```

This solution creates a new array of the same length as the input array. It uses the `System.arraycopy()` method to copy the elements of the input array starting from the second element (index 1) to the new array, starting from the first element (index 0). The first element of the input array is then copied to the last element of the new array. If the input array is empty, a new empty array is returned."
ead8e721-c841-43f8-9476-6b7b6f2b1652,"as a cs1 student you are trying to solve this assignment, how would you solve it
Return an array that is ""left shifted"" by one--so for an input of {6, 2, 5, 3}, the method returns {2, 5, 3, 6}. You may modify and return the given array, or return a new array.
public int[] shiftLeft(int[] nums)
{
    
}","Here is a simple way to solve this problem in Java:

```java
public int[] shiftLeft(int[] nums) {
    int[] shiftedArray = new int[nums.length];
    if(nums.length > 0){
        shiftedArray[0] = nums[nums.length - 1];
        for(int i=1; i < nums.length; i++){
            shiftedArray[i] = nums[i - 1];
        }
    }
    return shiftedArray;
}
```

This solution creates a new array (`shiftedArray`) with the same length as the input array (`nums`). The first element of `shiftedArray` is the last element of `nums`, and each subsequent element of `shiftedArray` is the previous element of `nums`.

If you want to modify the given array and return it, you can do:

```java
public int[] shiftLeft(int[] nums) {
    if(nums.length > 0){
        int temp = nums[0];
        for(int i=0; i < nums.length-1; i++){
            nums[i] = nums[i+1];
        }
        nums[nums.length-1] = temp;
    }
    return nums;
}
```

This solution swaps the first element with the last element."
c37ebcbb-4c98-48b4-b290-3898a5101a39,"as a cs1 student you are trying to solve this assignment, how would you solve it
Return an array that is ""left shifted"" by one--so for an input of {6, 2, 5, 3}, the method returns {2, 5, 3, 6}. You may modify and return the given array, or return a new array.
public int[] shiftLeft(int[] nums)
{
    
}","Here is a simple solution in Java. This method assumes that you want to keep the original array intact and return a new array.

```java
public int[] shiftLeft(int[] nums) {
    // Create a new array with one more element to hold the shifted element
    int[] newArray = new int[nums.length];
    
    // Shift the elements of the original array to the left
    for (int i = 0; i < nums.length - 1; i++) {
        newArray[i] = nums[i + 1];
    }
    
    // Add the first element of the original array to the end of the new array
    newArray[nums.length - 1] = nums[0];
    
    // Return the new array
    return newArray;
}
```

This code works by creating a new array that is one element longer than the input array. It then iterates through the input array, shifting each element one position to the left. The first element of the input array is then added to the end of the new array.

For example, calling `shiftLeft({6, 2, 5, 3})` would return `{2, 5, 3, 6}`."
110e2678-0116-4f68-b735-5791ae94dc0b,"as a cs1 student you are trying to solve this assignment, how would you solve it
Return an array that is ""left shifted"" by one--so for an input of {6, 2, 5, 3}, the method returns {2, 5, 3, 6}. You may modify and return the given array, or return a new array.
public int[] shiftLeft(int[] nums)
{
    
}","Here is how you can solve this problem in Java:

```java
public int[] shiftLeft(int[] nums) {
    int[] newArray = new int[nums.length];
    if (nums.length > 0) {
        System.arraycopy(nums, 1, newArray, 0, nums.length-1);
        newArray[nums.length - 1] = nums[0];
    }
    return newArray;
}
```

Here is an explanation of how this works:

1. This function first creates a new array that is the same size as the input array.
2. We use the `System.arraycopy` method to copy all elements of the input array, except the first one, to the new array. This method starts copying from index 1 of the input array, and it copies up to index `nums.length - 1`. The copied elements are placed starting from index 0 of the new array.
3. Finally, the first element of the input array is copied to the last position of the new array.
4. The function returns the new array.

This function effectively shifts all elements of the array one position to the left, with the first element becoming the last element. Since we return a new array, the original array is left unchanged."
e28d80e4-b2ca-465e-ba07-fd5fde416908,"as a cs1 student you are trying to solve this assignment, how would you solve it
Return an array that is ""left shifted"" by one--so for an input of {6, 2, 5, 3}, the method returns {2, 5, 3, 6}. You may modify and return the given array, or return a new array.
public int[] shiftLeft(int[] nums)
{
    
}","You can solve this problem by creating a new array and initializing it with the values from the second element to the end of the original array, then adding the first element of the original array at the end of the new array.

Here's the code:

```
public int[] shiftLeft(int[] nums) {
    if (nums.length == 0) {
        return nums;
    }
    
    int[] shiftedArray = new int[nums.length];
    shiftedArray[0] = nums[1];
    shiftedArray[shiftedArray.length - 1] = nums[0];
    
    for (int i = 1; i < shiftedArray.length - 1; i++) {
        shiftedArray[i] = nums[i + 1];
    }
    
    return shiftedArray;
}
```

In this code, we first check if the input array is empty. If it is, we return the input array as is. If it's not empty, we create a new array with the same length as the input array, and then populate it with the shifted values. We start by setting the first element of the new array to the second element of the input array, then set the last element of the new array to the first element of the input array. Finally, we loop through the remaining elements of the input array (from the second to the last), and set the corresponding elements in the new array to the next element in the input array.

This code returns a new array that is left-shifted by one, as required by the problem statement."
8efba41e-3d28-41a4-93c6-b39d6539a57e,"as a cs1 student you are trying to solve this assignment, how would you solve it
Return an array that is ""left shifted"" by one--so for an input of {6, 2, 5, 3}, the method returns {2, 5, 3, 6}. You may modify and return the given array, or return a new array.
public int[] shiftLeft(int[] nums)
{
    
}","To solve this problem, you can create a new array and copy the elements from the original array to the new array in the order you want. The new array will have the elements ""left shifted"" by one. 

Here is the code in Java:

```java
public int[] shiftLeft(int[] nums) {
    int[] shiftedNums = new int[nums.length];
    
    // Copy the elements in the new array
    for(int i = 0; i < nums.length; i++) {
        shiftedNums[i] = nums[(i + 1) % nums.length];
    }
    
    // Return the new array
    return shiftedNums;
}
```
In this code, the `(i + 1) % nums.length` expression is used to wrap around to the beginning of the array when `i` is `nums.length - 1`. This is because the indices of an array in Java are 0-based, so the last index of a length-`n` array is `n-1`. By using this expression, you can move the elements in the array one position to the left without losing the last element.

This method creates a new array and returns it, which means it does not modify the original array. If you want to modify the original array instead, you can do that by rearranging the elements in the array in-place. Here is the code for that:

```java
public void shiftLeft(int[] nums) {
    int temp = nums[0];
    
    // Shift the elements to the left
    for(int i = 0; i < nums.length - 1; i++) {
        nums[i] = nums[i + 1];
    }
    
    // Put the first element at the end of the array
    nums[nums.length - 1] = temp;
}
```
In this code, the `temp` variable is used to temporarily store the first element of the array. Then, the elements are shifted to the left one position, and finally, the first element (which was stored in `temp`) is put at the end of the array. This method modifies the original array."
1c87f3f8-2c3f-48f7-82d9-9393f917dff4,"as a cs1 student you are trying to solve this assignment, how would you solve it
Return an array that is ""left shifted"" by one--so for an input of {6, 2, 5, 3}, the method returns {2, 5, 3, 6}. You may modify and return the given array, or return a new array.
public int[] shiftLeft(int[] nums)
{
    
}","Sure, here's a simple way to solve this. You can use Python or Java to solve this problem.

Python:
```python
def shiftLeft(nums):
    return nums[1:] + [nums[0]]
```

Java:
```java
public int[] shiftLeft(int[] nums) {
    int[] result = new int[nums.length];
    System.arraycopy(nums, 1, result, 0, nums.length - 1);
    result[nums.length - 1] = nums[0];
    return result;
}
```

This code works by shifting the array one position to the right, and then moving the first element to the end of the array.

Please note that in Java, you need to create a new array to avoid modifying the input array in-place, while in Python you can return a new array without creating a new one."
c1c9ca91-f1df-48de-9d87-2e600d8d5a1f,"as a cs1 student you are trying to solve this assignment, how would you solve it
Return an array that is ""left shifted"" by one--so for an input of {6, 2, 5, 3}, the method returns {2, 5, 3, 6}. You may modify and return the given array, or return a new array.
public int[] shiftLeft(int[] nums)
{
    
}","You would solve this problem by using the array copy method in Java. The array copy method can be used to move the elements of an array to a new array. Here is a step-by-step solution:

1. Create a new array that is one element larger than the original array.

2. Copy the last element of the original array to the last position of the new array.

3. Copy the elements from index 0 to index n-2 (where n is the length of the original array) of the original array to the new array, starting from index 1.

Here is the Java code to implement the above steps:

```java
public int[] shiftLeft(int[] nums) {
    int[] newArray = new int[nums.length];
    if (nums.length > 0) System.arraycopy(nums, 0, newArray, 1, nums.length - 1);
    newArray[0] = nums[nums.length - 1];
    return newArray;
}
```
In the above code:

- We first create a new array newArray of the same size as the original array.
- We then use the System.arraycopy() method to copy the elements of the original array to the new array, starting at index 1 and ending at index n-1.
- We then set the first element of the new array to the last element of the original array.
- Finally, we return the new array.

This code assumes that the input array is not null and has at least one element. If the input array can be null or empty, you may want to add some additional checks at the beginning of the method."
ee63b560-df9f-4867-948e-4f87ec99a409,"as a cs1 student you are trying to solve this assignment, how would you solve it
Return an array that is ""left shifted"" by one--so for an input of {6, 2, 5, 3}, the method returns {2, 5, 3, 6}. You may modify and return the given array, or return a new array.
public int[] shiftLeft(int[] nums)
{
    
}","You can solve this problem by using a temporary variable to store the first element of the array, and then shifting all the elements to the left by one position.

Here's an example of how you can do it in Java:
```java
public int[] shiftLeft(int[] nums) {
    if (nums.length == 0) {
        return nums;
    }
    
    int temp = nums[0];
    for (int i = 0; i < nums.length - 1; i++) {
        nums[i] = nums[i + 1];
    }
    nums[nums.length - 1] = temp;

    return nums;
}
```
This code works by first checking if the array is empty. If it is, the function returns the input array as is. Otherwise, it creates a temporary variable `temp` to hold the first element of the array.

The function then iterates through the array, starting from the second element to the second-to-last element, and assigns each element to the previous element in the array.

Finally, the last element of the array is assigned the value of the first element (which was stored in the temporary variable `temp`).

The function then returns the modified array."
dd926cba-0002-461c-b081-d98120d5a898,"as a cs1 student you are trying to solve this assignment, how would you solve it
Return an array that is ""left shifted"" by one--so for an input of {6, 2, 5, 3}, the method returns {2, 5, 3, 6}. You may modify and return the given array, or return a new array.
public int[] shiftLeft(int[] nums)
{
    
}","Here is a simple solution in Java for the given problem:

```java
public int[] shiftLeft(int[] nums) {
    if (nums == null || nums.length == 0) {
        return nums;
    }

    int temp = nums[0];
    for (int i = 0; i < nums.length - 1; i++) {
        nums[i] = nums[i + 1];
    }
    nums[nums.length - 1] = temp;
    return nums;
}
```
This solution shifts all elements of the array to the left by one position and moves the first element to the end. It works by using a temporary variable to hold the value of the first element, then shifting all the other elements one position to the left, and finally placing the first element at the end of the array. This solution modifies the given array and returns it.

If you prefer to create a new array and return that, the solution would look like this:

```java
public int[] shiftLeft(int[] nums) {
    if (nums == null || nums.length == 0) {
        return nums;
    }

    int[] newArr = new int[nums.length];
    for (int i = 0; i < nums.length - 1; i++) {
        newArr[i] = nums[i + 1];
    }
    newArr[nums.length - 1] = nums[0];
    return newArr;
}
```
This solution creates a new array of the same length as the input array, then shifts all elements of the input array one position to the left and places the first element of the input array at the end of the new array."
a8eca786-514d-4fb8-861f-d5d3864b8fa5,"You are tasked with implementing a method in Java that performs a ""left shift"" operation on an array. The method should take an integer array as input and return a new array that is left-shifted by one position. This means that the first element of the input array should move to the end of the array, and all other elements should shift one position to the left.

For example:

If the input array is {6, 2, 5, 3}, the method should return {2, 5, 3, 6}.

If the input array is {1, 2}, the method should return {2, 1}.

If the input array is {1}, the method should return {1}.

Write the complete implementation of the shiftLeft method in Java. You may modify and return the given array, or return a new array. Ensure your solution handles edge cases, such as empty arrays or arrays with a single element.

Here is the method signature to start with:

java
Copy
public int[] shiftLeft(int[] nums) {
    // Your implementation here
}
Provide the code implementation and a brief explanation of how your solution works.","Here is the implementation of the shiftLeft method in Java. This method works by creating a new array of the same size as the input array. It copies the last element of the input array to the first position of the new array, and then copies the remaining elements from the input array to the new array, starting from the second position.

```java
public int[] shiftLeft(int[] nums) {
    if(nums.length == 0) {
        return new int[0];
    }
    
    int[] newArr = new int[nums.length];
    if(nums.length > 1) {
        newArr[0] = nums[nums.length - 1];
        for(int i = 1; i < nums.length; i++) {
            newArr[i] = nums[i - 1];
        }
    } else {
        newArr[0] = nums[0];
    }
    return newArr;
}
```

The method first checks if the input array is empty. If it is, it returns an empty array. If the input array has more than one element, it assigns the last element of the input array to the first position of the new array, and then copies the remaining elements from the input array to the new array, starting from the second position. If the input array has only one element, it simply assigns that element to the first position of the new array.

This solution handles edge cases such as empty arrays or arrays with a single element correctly, and it does not modify the original array, which is often a desirable behavior."
03a89234-e115-4937-8383-0b12749287b9,"You are tasked with implementing a method in Java that performs a ""left shift"" operation on an array. The method should take an integer array as input and return a new array that is left-shifted by one position. This means that the first element of the input array should move to the end of the array, and all other elements should shift one position to the left.

For example:

If the input array is {6, 2, 5, 3}, the method should return {2, 5, 3, 6}.

If the input array is {1, 2}, the method should return {2, 1}.

If the input array is {1}, the method should return {1}.

Write the complete implementation of the shiftLeft method in Java. You may modify and return the given array, or return a new array. Ensure your solution handles edge cases, such as empty arrays or arrays with a single element.

Here is the method signature to start with:

java
Copy
public int[] shiftLeft(int[] nums) {
    // Your implementation here
}
Provide the code implementation and a brief explanation of how your solution works.","Here is a simple implementation of the `shiftLeft` method that uses a temporary variable to hold the first element of the array, and then shifts the other elements one position to the left. Finally, it inserts the first element at the end of the array.

```java
public int[] shiftLeft(int[] nums) {
    if (nums == null || nums.length == 0) {
        return nums;
    }
    
    int firstElement = nums[0];
    for (int i = 0; i < nums.length - 1; i++) {
        nums[i] = nums[i + 1];
    }
    nums[nums.length - 1] = firstElement;
    
    return nums;
}
```

This implementation works by first checking if the input array `nums` is null or has no elements. If so, it returns the input array as is.

Then it stores the first element of the array in a temporary variable `firstElement`.

Next, it shifts all elements in the array one position to the left, starting from the second element, over the length of the array minus one.

Finally, it inserts the first element (which was stored in `firstElement`) at the end of the array, effectively shifting the array to the left.

This solution handles edge cases such as empty arrays and arrays with a single element by checking if the array is null or has no elements before performing the shift operation. For empty arrays, the method simply returns the input array without modification. For arrays with a single element, the method effectively leaves the array unchanged, since shifting it to the left would have no effect."
a6c698eb-fda9-4493-a27d-f8ed40522871,"You are tasked with implementing a method in Java that performs a ""left shift"" operation on an array. The method should take an integer array as input and return a new array that is left-shifted by one position. This means that the first element of the input array should move to the end of the array, and all other elements should shift one position to the left.

For example:

If the input array is {6, 2, 5, 3}, the method should return {2, 5, 3, 6}.

If the input array is {1, 2}, the method should return {2, 1}.

If the input array is {1}, the method should return {1}.

Write the complete implementation of the shiftLeft method in Java. You may modify and return the given array, or return a new array. Ensure your solution handles edge cases, such as empty arrays or arrays with a single element.

Here is the method signature to start with:

java
Copy
public int[] shiftLeft(int[] nums) {
    // Your implementation here
}
Provide the code implementation and a brief explanation of how your solution works.","Here is a simple implementation of the `shiftLeft` method using Java:

```java
public int[] shiftLeft(int[] nums) {
    if (nums == null || nums.length == 0) {
        return nums;
    }

    int temp = nums[0];
    for (int i = 1; i < nums.length; i++) {
        nums[i - 1] = nums[i];
    }
    nums[nums.length - 1] = temp;
    return nums;
}
```

This method first checks if the input array is null or empty. If it is, the method returns the input array as-is.

If the input array is not null and not empty, the method proceeds to shift the elements to the left. It starts by storing the first element of the array in a temporary variable `temp`. Then, it shifts each element to the left by one position. This is done by assigning the element at the current index to the index preceding it. 

Finally, the method assigns the first element (which was stored in `temp`) to the last position of the array, effectively shifting the array to the left. The modified array is then returned.

This method modifies the given array rather than creating a new one, which can be more memory-efficient specially when dealing with large arrays. However, if the requirement is to return a new array and not modify the original one, a new array can be created and the elements can be copied over to it."
ff1da9c9-016e-46dd-98ab-47d894bcbd51,"You are tasked with implementing a method in Java that performs a ""left shift"" operation on an array. The method should take an integer array as input and return a new array that is left-shifted by one position. This means that the first element of the input array should move to the end of the array, and all other elements should shift one position to the left.

For example:

If the input array is {6, 2, 5, 3}, the method should return {2, 5, 3, 6}.

If the input array is {1, 2}, the method should return {2, 1}.

If the input array is {1}, the method should return {1}.

Write the complete implementation of the shiftLeft method in Java. You may modify and return the given array, or return a new array. Ensure your solution handles edge cases, such as empty arrays or arrays with a single element.

Here is the method signature to start with:

java
Copy
public int[] shiftLeft(int[] nums) {
    // Your implementation here
}
Provide the code implementation and a brief explanation of how your solution works.","Here's the Java code implementation for the described problem:

```java
public int[] shiftLeft(int[] nums) {
    if (nums == null || nums.length == 0) {
        return nums;
    }

    int firstElement = nums[0];
    int[] shiftedArray = new int[nums.length];
    for (int i = 0; i < nums.length; i++) {
        if (i != 0) {
            shiftedArray[i - 1] = nums[i];
        } else {
            shiftedArray[nums.length - 1] = firstElement;
        }
    }

    return shiftedArray;
}
```

Explanation:

The function `shiftLeft` takes an integer array `nums` as input. First, it checks if the input array is null or has no elements. If so, it simply returns the input array.

If the array is not null or empty, the function proceeds to shift the elements to the left. It does this by storing the first element of the input array in a variable `firstElement`. Then, it initializes a new array `shiftedArray` of the same length as the input array.

The function loops over the input array, and for each element, it assigns the value of the current element to the position `i - 1` in the new array (effectively shifting the elements to the left), unless the current element is the first element, in which case it assigns the value of `firstElement` to the last position in the new array.

Finally, the function returns the new array `shiftedArray`, which is the left-shifted version of the input array.

This implementation handles edge cases, such as empty arrays or arrays with a single element. In these cases, the function simply returns the input array."
706a0b9c-295a-4f6f-945e-39b267ef284f,"You are tasked with implementing a method in Java that performs a ""left shift"" operation on an array. The method should take an integer array as input and return a new array that is left-shifted by one position. This means that the first element of the input array should move to the end of the array, and all other elements should shift one position to the left.

For example:

If the input array is {6, 2, 5, 3}, the method should return {2, 5, 3, 6}.

If the input array is {1, 2}, the method should return {2, 1}.

If the input array is {1}, the method should return {1}.

Write the complete implementation of the shiftLeft method in Java. You may modify and return the given array, or return a new array. Ensure your solution handles edge cases, such as empty arrays or arrays with a single element.

Here is the method signature to start with:

java
Copy
public int[] shiftLeft(int[] nums) {
    // Your implementation here
}
Provide the code implementation and a brief explanation of how your solution works.","Here's a simple Java method to shift an array to the left:

```java
public int[] shiftLeft(int[] nums) {
    if (nums == null || nums.length == 0) {
        return nums;
    }

    int first = nums[0];
    for (int i = 0; i < nums.length - 1; i++) {
        nums[i] = nums[i + 1];
    }
    nums[nums.length - 1] = first;

    return nums;
}
```

The method starts by checking if the input array `nums` is null or empty. If it's either of these, it simply returns the input array as-is, because shifting an empty array or a null array would make no sense.

If the array is not null or empty, the method saves the first element in the variable `first`, and then shifts all other elements one position to the left.

Finally, the method sets the last element of the array to the value of `first`, which was originally the first element of the array. This effectively moves the first element to the end of the array.

The time complexity of this solution is O(n), where n is the length of the array, and the space complexity is O(1), because we're modifying the original array in-place and not creating any new arrays."
a30b0479-9199-422e-a3f7-c8e118ca31d8,"You are tasked with implementing a method in Java that performs a ""left shift"" operation on an array. The method should take an integer array as input and return a new array that is left-shifted by one position. This means that the first element of the input array should move to the end of the array, and all other elements should shift one position to the left.

For example:

If the input array is {6, 2, 5, 3}, the method should return {2, 5, 3, 6}.

If the input array is {1, 2}, the method should return {2, 1}.

If the input array is {1}, the method should return {1}.

Write the complete implementation of the shiftLeft method in Java. You may modify and return the given array, or return a new array. Ensure your solution handles edge cases, such as empty arrays or arrays with a single element.

Here is the method signature to start with:

java
Copy
public int[] shiftLeft(int[] nums) {
    // Your implementation here
}
Provide the code implementation and a brief explanation of how your solution works.","Here is the implementation for the shiftLeft method in java:

```java
public int[] shiftLeft(int[] nums) {
    if(nums == null || nums.length == 0){
        return nums;
    }
    else if(nums.length == 1){
        return nums;
    }
    else{
        int temp = nums[0];
        for(int i=0; i<nums.length-1; i++){
            nums[i] = nums[i+1];
        }
        nums[nums.length-1] = temp;
        return nums;
    }
}
```
This solution works by simply shifting all elements of the array one position to the left and then placing the first element at the end of the array. 

If the input array is null or empty, it just returns the same array as there's nothing to shift. If the input array has only one element, it also returns the same array as there's no valid shift that can be performed. 

For the other cases, it uses a temporary variable to store the first element, and then shifts all elements to the left, and finally puts the first element at the end of the array. The function modifies the given array and returns it, without creating a new array. This could be more efficient in terms of memory usage compared to creating a new array."
4d55e4a5-e8cb-427e-a586-91019a1d8ec0,"You are tasked with implementing a method in Java that performs a ""left shift"" operation on an array. The method should take an integer array as input and return a new array that is left-shifted by one position. This means that the first element of the input array should move to the end of the array, and all other elements should shift one position to the left.

For example:

If the input array is {6, 2, 5, 3}, the method should return {2, 5, 3, 6}.

If the input array is {1, 2}, the method should return {2, 1}.

If the input array is {1}, the method should return {1}.

Write the complete implementation of the shiftLeft method in Java. You may modify and return the given array, or return a new array. Ensure your solution handles edge cases, such as empty arrays or arrays with a single element.

Here is the method signature to start with:

java
Copy
public int[] shiftLeft(int[] nums) {
    // Your implementation here
}
Provide the code implementation and a brief explanation of how your solution works.","Here is the complete implementation of the `shiftLeft` method in Java:

```java
public int[] shiftLeft(int[] nums) {
    if (nums == null || nums.length <= 1) {
        return nums;
    }
    
    int firstElement = nums[0];
    for (int i = 1; i < nums.length; i++) {
        nums[i - 1] = nums[i];
    }
    nums[nums.length - 1] = firstElement;
    
    return nums;
}
```

This solution works by iterating through the input array from the second element (`nums[1]`) to the last element. For each element, it assigns the value of the next element to the current position. In the end, the first element of the original array is added to the end of the array.

The code handles edge cases where the input array is null or has 1 or fewer elements. In these cases, it just returns the input array as is.

The time complexity of this solution is O(n), where n is the length of the array, because every element is visited and assigned once. The space complexity is O(1), because no additional space is used that scales with the input size.

Here is an example usage:

```java
public static void main(String[] args) {
    int[] nums = {6, 2, 5, 3};
    int[] shiftedNums = shiftLeft(nums);
    System.out.println(Arrays.toString(shiftedNums));  // Output: [2, 5, 3, 6]
}
```"
8ce7746e-f652-48b2-9255-b0c471271ea8,"You are tasked with implementing a method in Java that performs a ""left shift"" operation on an array. The method should take an integer array as input and return a new array that is left-shifted by one position. This means that the first element of the input array should move to the end of the array, and all other elements should shift one position to the left.

For example:

If the input array is {6, 2, 5, 3}, the method should return {2, 5, 3, 6}.

If the input array is {1, 2}, the method should return {2, 1}.

If the input array is {1}, the method should return {1}.

Write the complete implementation of the shiftLeft method in Java. You may modify and return the given array, or return a new array. Ensure your solution handles edge cases, such as empty arrays or arrays with a single element.

Here is the method signature to start with:

java
Copy
public int[] shiftLeft(int[] nums) {
    // Your implementation here
}
Provide the code implementation and a brief explanation of how your solution works.","Here is one possible implementation of the shiftLeft method in Java:

java
Copy
public int[] shiftLeft(int[] nums) {
    if (nums.length == 0) {
        return new int[0];
    } else if (nums.length == 1) {
        return nums;
    } else {
        int[] shiftedNums = new int[nums.length];
        System.arraycopy(nums, 1, shiftedNums, 0, nums.length - 1);
        shiftedNums[nums.length - 1] = nums[0];
        return shiftedNums;
    }
}

This method first checks if the input array is empty or contains only one element. If it is empty, it returns an empty array. If it contains only one element, it returns the input array itself.

If the input array contains more than one element, the method creates a new array of the same size as the input array. It then uses the `System.arraycopy` method to copy all the elements from the second position to the end of the input array into the new array, starting at the first position. Finally, it sets the last element of the new array to the first element of the input array. This effectively ""shifts"" all the elements of the input array one position to the left.

The method then returns the new array, which is the left-shifted version of the input array."
359b3cb4-1a81-4ff7-9c85-e9a369d93e64,"You are tasked with implementing a method in Java that performs a ""left shift"" operation on an array. The method should take an integer array as input and return a new array that is left-shifted by one position. This means that the first element of the input array should move to the end of the array, and all other elements should shift one position to the left.

For example:

If the input array is {6, 2, 5, 3}, the method should return {2, 5, 3, 6}.

If the input array is {1, 2}, the method should return {2, 1}.

If the input array is {1}, the method should return {1}.

Write the complete implementation of the shiftLeft method in Java. You may modify and return the given array, or return a new array. Ensure your solution handles edge cases, such as empty arrays or arrays with a single element.

Here is the method signature to start with:

java
Copy
public int[] shiftLeft(int[] nums) {
    // Your implementation here
}
Provide the code implementation and a brief explanation of how your solution works.","Here is the Java code that implements a left shift operation on an array:

```java
public int[] shiftLeft(int[] nums) {
    int N = nums.length;
    if (N == 0 || N == 1) return nums;
    int temp = nums[0];
    for (int i = 0; i < N - 1; i++) {
        nums[i] = nums[i + 1];
    }
    nums[N - 1] = temp;
    return nums;
}
```

Explanation:

This implementation operates in-place, meaning it modifies the original array instead of creating a new one. The shift operation is done in a single iteration. The first element of the array is saved in a temporary variable (`temp`). Then, each remaining element in the array is shifted towards the beginning of the array. Finally, the saved first element is placed at the end of the array. The method handles edge cases where the input array is empty or contains only one element by simply returning the input array.

The time complexity of this algorithm is O(n), where n is the size of the array, and the space complexity is O(1), meaning it uses a constant amount of space."
d64efacf-5ffe-49dd-9f47-7bd1df5caf44,"You are tasked with implementing a method in Java that performs a ""left shift"" operation on an array. The method should take an integer array as input and return a new array that is left-shifted by one position. This means that the first element of the input array should move to the end of the array, and all other elements should shift one position to the left.

For example:

If the input array is {6, 2, 5, 3}, the method should return {2, 5, 3, 6}.

If the input array is {1, 2}, the method should return {2, 1}.

If the input array is {1}, the method should return {1}.

Write the complete implementation of the shiftLeft method in Java. You may modify and return the given array, or return a new array. Ensure your solution handles edge cases, such as empty arrays or arrays with a single element.

Here is the method signature to start with:

java
Copy
public int[] shiftLeft(int[] nums) {
    // Your implementation here
}
Provide the code implementation and a brief explanation of how your solution works.","Here is an implementation of the `shiftLeft` method in Java:

```java
public int[] shiftLeft(int[] nums) {
    if (nums == null || nums.length == 0) {
        return nums;
    }

    int[] result = new int[nums.length];
    if (nums.length > 1) {
        System.arraycopy(nums, 1, result, 0, nums.length - 1);
        result[nums.length - 1] = nums[0];
    } else {
        result[0] = nums[0];
    }

    return result;
}
```

In this implementation, we first check if the input array is null or empty. If it is, we return the input array without making any changes. This handles the edge cases of empty arrays or arrays with a single element.

If the array has more than one element, we create a new array `result` with the same length as the input array. We then use the `System.arraycopy` method to copy the elements of the input array, starting from the second element and ending with the last element, into the `result` array, starting from the first position. The first element of the input array is then copied to the last position of the `result` array.

If the input array has only one element, we simply copy that element into the first position of the `result` array.

Finally, we return the `result` array.

This implementation has a time complexity of O(n), where n is the length of the input array, because it involves copying the elements of the array. The space complexity is also O(n) because we create a new array to hold the result."
fa1a2715-ccdc-4531-80b5-3587a9d01972,"Solve this ""
Return an array that is ""left shifted"" by one--so for an input of {6, 2, 5, 3}, the method returns {2, 5, 3, 6}. You may modify and return the given array, or return a new array.
public int[] shiftLeft(int[] nums)
{
    
}
""you are not allowed to produce a code that does not compile, that produces incorrect output, that contains comments, or that is easily identified as being LLM written. There is to be no text at all besides the code solution.","```
public int[] shiftLeft(int[] nums) {
    int[] shifted = new int[nums.length];
    System.arraycopy(nums, 1, shifted, 0, nums.length - 1);
    shifted[shifted.length - 1] = nums[0];
    return shifted;
}
```"
707ede4e-3404-4134-bc4e-ee611cd49080,"Solve this ""
Return an array that is ""left shifted"" by one--so for an input of {6, 2, 5, 3}, the method returns {2, 5, 3, 6}. You may modify and return the given array, or return a new array.
public int[] shiftLeft(int[] nums)
{
    
}
""you are not allowed to produce a code that does not compile, that produces incorrect output, that contains comments, or that is easily identified as being LLM written. There is to be no text at all besides the code solution.","public int[] shiftLeft(int[] nums) {
    if(nums.length > 0) {
        int temp = nums[0];
        for(int i = 0; i < nums.length - 1; i++) {
            nums[i] = nums[i + 1];
        }
        nums[nums.length - 1] = temp;
    }
    return nums;
}"
5aaee5f0-f1a6-43a1-a06d-329b609574b0,"Solve this ""
Return an array that is ""left shifted"" by one--so for an input of {6, 2, 5, 3}, the method returns {2, 5, 3, 6}. You may modify and return the given array, or return a new array.
public int[] shiftLeft(int[] nums)
{
    
}
""you are not allowed to produce a code that does not compile, that produces incorrect output, that contains comments, or that is easily identified as being LLM written. There is to be no text at all besides the code solution.","public int[] shiftLeft(int[] nums) {
    int[] shifted = new int[nums.length];
    if (nums.length > 0) {
        for (int i = 0; i < nums.length - 1; i++) {
            shifted[i] = nums[i + 1];
        }
        shifted[nums.length - 1] = nums[0];
    }
    return shifted;
}"
d0f00f3d-c285-4e38-99d8-968f7618fffb,"Solve this ""
Return an array that is ""left shifted"" by one--so for an input of {6, 2, 5, 3}, the method returns {2, 5, 3, 6}. You may modify and return the given array, or return a new array.
public int[] shiftLeft(int[] nums)
{
    
}
""you are not allowed to produce a code that does not compile, that produces incorrect output, that contains comments, or that is easily identified as being LLM written. There is to be no text at all besides the code solution.","public int[] shiftLeft(int[] nums) {
    int[] result = new int[nums.length];
    System.arraycopy(nums, 1, result, 0, nums.length - 1);
    result[nums.length - 1] = nums[0];
    return result;
}"
a31e7385-058d-41c9-8fea-0a2ec85d3063,"Solve this ""
Return an array that is ""left shifted"" by one--so for an input of {6, 2, 5, 3}, the method returns {2, 5, 3, 6}. You may modify and return the given array, or return a new array.
public int[] shiftLeft(int[] nums)
{
    
}
""you are not allowed to produce a code that does not compile, that produces incorrect output, that contains comments, or that is easily identified as being LLM written. There is to be no text at all besides the code solution.","public int[] shiftLeft(int[] nums) {
    for (int i = 0; i < nums.length - 1; i++) {
        nums[i] = nums[i + 1];
    }
    nums[nums.length - 1] = 0;
    return nums;
}"
6f87b18d-b6cb-4df2-8a07-df7ca3596c7e,"Solve this ""
Return an array that is ""left shifted"" by one--so for an input of {6, 2, 5, 3}, the method returns {2, 5, 3, 6}. You may modify and return the given array, or return a new array.
public int[] shiftLeft(int[] nums)
{
    
}
""you are not allowed to produce a code that does not compile, that produces incorrect output, that contains comments, or that is easily identified as being LLM written. There is to be no text at all besides the code solution.","public int[] shiftLeft(int[] nums) {
    int[] shiftedArray = new int[nums.length];
    if (nums.length > 0) {
        System.arraycopy(nums, 1, shiftedArray, 0, nums.length - 1);
        shiftedArray[nums.length - 1] = nums[0];
    }
    return shiftedArray;
}"
deb2a90d-d55f-482e-9a3f-cb677dba5da7,"Solve this ""
Return an array that is ""left shifted"" by one--so for an input of {6, 2, 5, 3}, the method returns {2, 5, 3, 6}. You may modify and return the given array, or return a new array.
public int[] shiftLeft(int[] nums)
{
    
}
""you are not allowed to produce a code that does not compile, that produces incorrect output, that contains comments, or that is easily identified as being LLM written. There is to be no text at all besides the code solution.","public int[] shiftLeft(int[] nums) {
    if (nums == null || nums.length == 0) {
        return nums;
    }
    int temp = nums[0];
    for (int i = 1; i < nums.length; i++) {
        nums[i - 1] = nums[i];
    }
    nums[nums.length - 1] = temp;
    return nums;
}"
821cfdc2-64c1-4bf0-ac8c-35d082b63111,"Solve this ""
Return an array that is ""left shifted"" by one--so for an input of {6, 2, 5, 3}, the method returns {2, 5, 3, 6}. You may modify and return the given array, or return a new array.
public int[] shiftLeft(int[] nums)
{
    
}
""you are not allowed to produce a code that does not compile, that produces incorrect output, that contains comments, or that is easily identified as being LLM written. There is to be no text at all besides the code solution.","public int[] shiftLeft(int[] nums) {
    for (int i = 0; i < nums.length - 1; i++) {
        nums[i] = nums[i + 1];
    }
    nums[nums.length - 1] = 0;
    return nums;
}"
0755fe83-7672-4658-acae-90a16ff958ae,"Solve this ""
Return an array that is ""left shifted"" by one--so for an input of {6, 2, 5, 3}, the method returns {2, 5, 3, 6}. You may modify and return the given array, or return a new array.
public int[] shiftLeft(int[] nums)
{
    
}
""you are not allowed to produce a code that does not compile, that produces incorrect output, that contains comments, or that is easily identified as being LLM written. There is to be no text at all besides the code solution.","public int[] shiftLeft(int[] nums) {
    int[] result = new int[nums.length];
    for (int i = 0; i < nums.length; i++) {
        result[(i+1)%nums.length] = nums[i];
    }
    return result;
}"
b1256162-0cae-4bc9-84fa-282702a67abf,"Solve this ""
Return an array that is ""left shifted"" by one--so for an input of {6, 2, 5, 3}, the method returns {2, 5, 3, 6}. You may modify and return the given array, or return a new array.
public int[] shiftLeft(int[] nums)
{
    
}
""you are not allowed to produce a code that does not compile, that produces incorrect output, that contains comments, or that is easily identified as being LLM written. There is to be no text at all besides the code solution.","public int[] shiftLeft(int[] nums) {
    int temp = nums[0];
    for(int i = 0; i < nums.length - 1; i++) {
        nums[i] = nums[i + 1];
    }
    nums[nums.length - 1] = temp;
    return nums;
}"
d482c427-e404-4336-8f89-bf3a68345879,"Return an array that is ""shifted"" one position to the left. Thus, for the input {6, 2, 5, 3}, the method should return {2, 5, 3, 6}. You can modify and return the given array or return a new array.

public int[] shiftLeft(int[] nums)
{
    
}","Here is a Java solution for the problem. In this approach, we are creating a new array and shifting all elements one position to the left.

```java
public int[] shiftLeft(int[] nums) {
    if (nums == null || nums.length == 0) {
        return nums;
    }

    int[] shiftedArray = new int[nums.length];
    shiftedArray[0] = nums[nums.length - 1];
    System.arraycopy(nums, 0, shiftedArray, 1, nums.length - 1);
    return shiftedArray;
}
```

This code first checks if the input array is null or empty. If it is, it returns the input array as is. Otherwise, it creates a new array of the same length as the input array. The first element of the new array is set to the last element of the input array, effectively shifting all elements one position to the left. The rest of the elements from the first to the second last element of the new array are copied from the input array starting from the first element."
758cb044-09ef-4ede-9a5b-b7924676e419,"Return an array that is ""shifted"" one position to the left. Thus, for the input {6, 2, 5, 3}, the method should return {2, 5, 3, 6}. You can modify and return the given array or return a new array.

public int[] shiftLeft(int[] nums)
{
    
}","In Java, you can solve this problem by using the 'System.arraycopy()' method which is a Java built-in method that can copy elements from one array into another. This method can be used to shift the elements in your array to the left.

Here is the Java code to solve this problem:

```java
public int[] shiftLeft(int[] nums) {
    if(nums.length == 0) {
        return nums;
    }
    int num = nums[0]; // store the first element
    System.arraycopy(nums, 1, nums, 0, nums.length - 1); // shift all elements to the left
    nums[nums.length - 1] = num; // place the first element at the end
    return nums;
}
```

This code works by first storing the first element of 'nums' in a variable 'num'. It then uses 'System.arraycopy()' to move all elements in the array starting from index 1 to the array starting from index 0. This effectively shifts all elements in the array to the left. Finally, it sets the last element of the array to the value stored in 'num', which was the original first element of the array. This completes the rotation. The 'if' statement at the start checks if the array is empty and doesn't perform any rotation if it is."
c74478d2-e917-48d0-96eb-0bd0740e1b99,"Return an array that is ""shifted"" one position to the left. Thus, for the input {6, 2, 5, 3}, the method should return {2, 5, 3, 6}. You can modify and return the given array or return a new array.

public int[] shiftLeft(int[] nums)
{
    
}","You can solve this problem in Java by using the System.arraycopy() method to copy the elements from the array to a new array shifted one position to the left. Here is the code:

```java
public int[] shiftLeft(int[] nums) {
    int[] result = new int[nums.length];
    System.arraycopy(nums, 1, result, 0, nums.length - 1);
    result[nums.length - 1] = nums[0];
    return result;
}
```

This code creates a new array 'result' of the same length as the input array 'nums'. The System.arraycopy() method then copies the elements from the second position of 'nums' to the first position of 'result', and copies the first element of 'nums' to the last position of 'result'.

For example, if the input array is {6, 2, 5, 3}, the returned array will be {2, 5, 3, 6}."
f33aa482-e2dc-4c28-90c9-8839c5ae4405,"Return an array that is ""shifted"" one position to the left. Thus, for the input {6, 2, 5, 3}, the method should return {2, 5, 3, 6}. You can modify and return the given array or return a new array.

public int[] shiftLeft(int[] nums)
{
    
}","Here is a Java solution for the problem:

```java
public int[] shiftLeft(int[] nums) {
    if(nums == null || nums.length == 0) {
        return nums;
    }
    int temp = nums[0];
    for(int i = 0; i < nums.length-1; i++) {
        nums[i] = nums[i+1];
    }
    nums[nums.length-1] = temp;
    return nums;
}
```

This function works by first storing the first element of the array in a temporary variable. Then, it shifts all the other elements one position to the left. Finally, it replaces the last element of the array with the value stored in the temporary variable."
cc6666e8-bda0-4c75-ab74-523f21ac2d16,"Return an array that is ""shifted"" one position to the left. Thus, for the input {6, 2, 5, 3}, the method should return {2, 5, 3, 6}. You can modify and return the given array or return a new array.

public int[] shiftLeft(int[] nums)
{
    
}","Here is a simple Java solution to this problem that modifies and returns the given array. This solution uses a temporary variable to hold the value of the last element and then shifts the rest of the elements one position to the left.

```java
public int[] shiftLeft(int[] nums) {
    int temp = nums[0];
    for (int i = 0; i < nums.length - 1; i++) {
        nums[i] = nums[i + 1];
    }
    nums[nums.length - 1] = temp;
    return nums;
}
```
If you need a new array to be returned and the original array not to be modified:
```java
public int[] shiftLeft(int[] nums) {
    int[] newArray = new int[nums.length];
    for (int i = 0; i < nums.length; i++) {
        newArray[i] = nums[(i + 1) % nums.length];
    }
    return newArray;
}
```
In this approach, we use modulus operator to handle the case when the index is at the end of the array. This way, we always get the correct index for the shifted array."
66fc26ff-8893-4fcf-ae57-99aeadcc853b,"Return an array that is ""shifted"" one position to the left. Thus, for the input {6, 2, 5, 3}, the method should return {2, 5, 3, 6}. You can modify and return the given array or return a new array.

public int[] shiftLeft(int[] nums)
{
    
}","Here is a simple Java code to solve the problem. The idea is to use a temporary variable to hold the first element and then shift all elements to the left.

```java
public int[] shiftLeft(int[] nums) {
    int temp = nums[0];
    for (int i = 0; i < nums.length - 1; i++) {
        nums[i] = nums[i + 1];
    }
    nums[nums.length - 1] = temp;
    return nums;
}
```

The code works by first storing the first element of the array in a temporary variable. It then shifts all the elements to the left, effectively ""removing"" the first element. Finally, it assigns the stored first element to the last position of the array, effectively ""adding"" it to the end.

This function will modify the given array and return the modified array. If you want to return a new array instead of modifying the given one, you can create a new array and copy the elements in the desired order:

```java
public int[] shiftLeft(int[] nums) {
    int[] newNums = new int[nums.length];
    for (int i = 0; i < nums.length - 1; i++) {
        newNums[i] = nums[i + 1];
    }
    newNums[nums.length - 1] = nums[0];
    return newNums;
}
```

In this version, a new array is created and the elements are copied to it in the desired order. The first element is copied to the last position of the new array, and all other elements are copied from the original array, shifted one position to the left."
4822f0ac-0207-411b-aa69-130b37c96403,"Return an array that is ""shifted"" one position to the left. Thus, for the input {6, 2, 5, 3}, the method should return {2, 5, 3, 6}. You can modify and return the given array or return a new array.

public int[] shiftLeft(int[] nums)
{
    
}","Here is a simple Java solution using Arraycopy. This solution creates a new array and returns it.

```java
public int[] shiftLeft(int[] nums) {
    int[] result = new int[nums.length];
    System.arraycopy(nums, 1, result, 0, nums.length - 1);
    result[nums.length - 1] = nums[0];
    return result;
}
```

In this solution, we create a new array 'result' with the same size as 'nums'. We then use the `arraycopy` method to copy the elements from the second element to the last element of 'nums' into 'result' starting from the first element. Finally, we set the last element of 'result' to be the first element of 'nums'.

If you'd like to modify the original array instead of creating a new one, you can use this solution:

```java
public void shiftLeft(int[] nums) {
    if (nums.length > 1) {
        int temp = nums[0];
        System.arraycopy(nums, 1, nums, 0, nums.length - 1);
        nums[nums.length - 1] = temp;
    }
}
```

In this solution, we store the first element of 'nums' in 'temp', shift all the elements to the left using `arraycopy`, and then set the last element of 'nums' to be 'temp'."
d2ae4ea8-8899-431f-be59-87a6a9138408,"Return an array that is ""shifted"" one position to the left. Thus, for the input {6, 2, 5, 3}, the method should return {2, 5, 3, 6}. You can modify and return the given array or return a new array.

public int[] shiftLeft(int[] nums)
{
    
}","Here is a simple implementation of the method in Java. This method first checks if the input array is not null and not empty. If so, it creates a new array and copies elements from the second element to the end of the old array to the new array, and the first element of the old array to the end of the new array.

```java
public int[] shiftLeft(int[] nums) {
    if (nums == null || nums.length == 0) {
        return nums;
    }

    int[] newNums = new int[nums.length];
    for (int i = 0; i < nums.length - 1; i++) {
        newNums[i + 1] = nums[i];
    }
    newNums[0] = nums[nums.length - 1];

    return newNums;
}
```

This approach creates a new array and does not modify the original array. If you need to modify the original array instead, you can use System.arrayCopy as follows:

```java
public void shiftLeft(int[] nums) {
    if (nums == null || nums.length == 0) {
        return;
    }

    System.arraycopy(nums, 1, nums, 0, nums.length - 1);
    nums[nums.length - 1] = nums[0];
}
```"
a83e785f-76f5-4282-80dc-5aa470d83014,"Return an array that is ""shifted"" one position to the left. Thus, for the input {6, 2, 5, 3}, the method should return {2, 5, 3, 6}. You can modify and return the given array or return a new array.

public int[] shiftLeft(int[] nums)
{
    
}","Here is a simple implementation of the method in Java:

```java
public int[] shiftLeft(int[] nums) {
    if (nums == null || nums.length == 0) {
        return nums;
    }

    int first = nums[0];
    for (int i = 0; i < nums.length - 1; i++) {
        nums[i] = nums[i + 1];
    }
    nums[nums.length - 1] = first;

    return nums;
}
```

This function shifts the elements of the array to the left. It starts by storing the first element of the array. Then, starting from the first element, it moves every element one position to the left. Finally, it assigns the first element that was stored at the end of the array.

Please note that this function modifies the original array. If you want to return a new array and leave the original array unchanged, you can create a new array and copy the elements to it:

```java
public int[] shiftLeft(int[] nums) {
    if (nums == null || nums.length == 0) {
        return nums;
    }

    int[] newArray = new int[nums.length];
    for (int i = 0; i < nums.length - 1; i++) {
        newArray[i] = nums[i + 1];
    }
    newArray[nums.length - 1] = nums[0];

    return newArray;
}
```

This function behaves the same as the previous one but it creates a new array to store the shifted elements."
d8f85e13-12b8-4986-bd7e-9a81210ae0c0,"Return an array that is ""shifted"" one position to the left. Thus, for the input {6, 2, 5, 3}, the method should return {2, 5, 3, 6}. You can modify and return the given array or return a new array.

public int[] shiftLeft(int[] nums)
{
    
}","Here is a simple Java method to solve your problem. This method shifts the array to the left one position and returns the new array.

```java
public int[] shiftLeft(int[] nums) {
    // Check if the array is not empty
    if (nums.length == 0) {
        return nums;
    }

    // Create a new array with the same length as the original array
    int[] newArray = new int[nums.length];

    // Shift the elements of the array to the left one position
    for (int i = 0; i < nums.length; i++) {
        if (i == 0) {
            // If the element is the first one, move the last element to the first position
            newArray[i] = nums[nums.length - 1];
        } else {
            // For the other elements, move the previous element one position to the left
            newArray[i] = nums[i - 1];
        }
    }

    // Return the new array
    return newArray;
}
```

This method first checks if the array is not empty. If it is, it returns the original array as it is. If the array is not empty, it creates a new array with the same length as the original array. It then goes through the elements of the array, shifting each one to the left one position. The first element of the new array is the last element of the original array, and all the other elements are the previous elements in the original array. Finally, it returns the new array. 

This method creates a new array, so it does not modify the original array."
