ID,Code,label
ea26c41d-fce0-4d65-a762-8f389e28c955,"public int luckySum(int a, int b, int c) {
    if (a == 13) return 0;
    if (b == 13) return a;
    if (c == 13) return a + b;
    return a + b + c;
}",0
e81c172d-e9bf-4f4e-a1f2-a1c8e66884fc,"public boolean evenlySpaced(int a, int b, int c) {
    // Identify the smallest, middle, and largest values
    int smallest, middle, largest;

    if (a <= b && a <= c) {
        smallest = a;
        if (b <= c) {
            middle = b;
            largest = c;
        } else {
            middle = c;
            largest = b;
        }
    } else if (b <= a && b <= c) {
        smallest = b;
        if (a <= c) {
            middle = a;
            largest = c;
        } else {
            middle = c;
            largest = a;
        }
    } else {
        smallest = c;
        if (a <= b) {
            middle = a;
            largest = b;
        } else {
            middle = b;
            largest = a;
        }
    }

    // Calculate the differences
    int diff1 = middle - smallest;
    int diff2 = largest - middle;

    // Return true if the differences are equal, otherwise false
    return diff1 == diff2;
}",0
bc250988-e6f4-40fd-9b5c-43dff517dbff,"public int dateFashion(int you, int date) {
    if (you <= 2 || date <= 2) {
        return 0;
    } else if (you >= 8 || date >= 8) {
        return 2;
    } else {
        return 1;
    }
}",0
87bae80e-2bbb-4e74-9f83-6f5c31e867c2,"public int luckySum(int a, int b, int c) {
    if (a == 13) {
        return 0;
    } else if (b == 13) {
        return a;
    } else if (c == 13) {
        return a + b;
    } else {
        return a + b + c;
    }
}",0
ID,Extracted_Code,0
c1c434bb-c637-4de5-b4bd-53ea5752d274,"public int sum3(int[] nums) {
    int sum = 0;
    for (int num : nums) {
        sum += num;
    }
    return sum;
}

java
public int sum3(int[] nums) {
    return nums[0] + nums[1] + nums[2];
}",0
f94f5444-e3af-4f82-9ae5-78c875d3a223,"public String without2(String str) {
    if (str.length() < 2) {
        return str;
    }
    String start = str.substring(0, 2);
    String end = str.substring(str.length() - 2);
    if (start.equals(end)) {
        return str.substring(2);
    }
    return str;
}",0
714a9ce4-aef0-492c-b6b7-577263210041,"public int dateFashion(int you, int date) {
    if (you <= 2 || date <= 2) {
        return 0;
    } else if (you >= 8 || date >= 8) {
        return 2;
    } else {
        return 1;
    }
}",0
67a16061-d2a4-44f6-b3d3-718e3489e473,"public int luckySum(int a, int b, int c) {
    if (a == 13) return 0;
    if (b == 13) return a;
    if (c == 13) return a + b;
    return a + b + c;
}",0
dcdaedad-7a60-45cf-b6be-622ba80cc2de,"public int roundSum(int a, int b, int c) {
    return round10(a) + round10(b) + round10(c);
}

public int round10(int num) {
    if (num % 10 >= 5) {
        return num + (10 - num % 10);
    } else {
        return num - num % 10;
    }
}",0
d592bcfa-cc14-48eb-ad25-bd97c4f38ffd,"public int luckySum(int a, int b, int c) {
    if (a == 13) return 0;
    if (b == 13) return a;
    if (c == 13) return a + b;
    return a + b + c;
}",0
0ef0c748-c00e-422e-8dc2-e32709cca256,"public int redTicket(int a, int b, int c) {
    if (a == 2 && b == 2 && c == 2) {
        return 10;
    } else if (a == b && b == c) {
        return 5;
    } else if (a != b && a != c) {
        return 1;
    } else {
        return 0;
    }
}",0
3eb9ed98-fe35-4754-91ac-39fb2cfb18b0,"public int luckySum(int a, int b, int c) {
    if (a == 13) return 0;
    if (b == 13) return a;
    if (c == 13) return a + b;
    return a + b + c;
}",0
d95b6ebd-2b4a-41f8-9e15-81c91d220e88,"public int[] fix45(int[] nums) {
    int j = 0;
    for (int i = 0; i < nums.length; i++) {
        if (nums[i] == 4) {
            while (nums[j] != 5 || (j > 0 && nums[j - 1] == 4)) {
                j++;
            }
            int temp = nums[i + 1];
            nums[i + 1] = nums[j];
            nums[j] = temp;
        }
    }
    return nums;
}",0
4029da0f-4594-4110-a3af-ea91f15d8161,"public int luckySum(int a, int b, int c) {
    if (a == 13) {
        return 0;
    } else if (b == 13) {
        return a;
    } else if (c == 13) {
        return a + b;
    } else {
        return a + b + c;
    }
}",0
c6004cb8-d18b-4be4-962d-480ebd08b77a,"public int blackjack(int a, int b) {
    if (a > 21) a = 0;
    if (b > 21) b = 0;
    return Math.max(a, b);
}",0
d0b54547-f4b8-4f58-8876-7322366f1abb,"public boolean endOther(String a, String b) {
    a = a.toLowerCase();
    b = b.toLowerCase();
    if (a.endsWith(b) || b.endsWith(a)) {
        return true;
    }
    return false;
}",0
279c8616-a394-436f-ad7a-b607c422f7c4,"public int luckySum(int a, int b, int c) {
    if (a == 13) return 0;
    if (b == 13) return a;
    if (c == 13) return a + b;
    return a + b + c;
}",0
e9e17085-557f-4923-8863-3cede96e9d17,"public int countCode(String str) {
    int count = 0;
    for (int i = 0; i < str.length() - 3; i++) {
        if (str.substring(i, i + 2).equals(""co"") && str.charAt(i + 3) == 'e') {
            count++;
        }
    }
    return count;
}",0
b75a8827-7797-4a5e-87a5-b23bc2238551,"public boolean answerCell(boolean isMorning, boolean isMom, boolean isAsleep) {
    if (isAsleep) {
        return false;
    }
    
    if (isMorning) {
        return isMom;
    }
    
    return true;
}",0
32e36391-00c3-479b-b066-f16f2810eed5,"public int[] zeroMax(int[] nums) {
    for (int i = 0; i < nums.length; i++) {
        if (nums[i] == 0) {
            nums[i] = findLargestOddToRight(nums, i);
        }
    }
    return nums;
}

private int findLargestOddToRight(int[] nums, int start) {
    int maxOdd = 0;
    for (int i = start + 1; i < nums.length; i++) {
        if (nums[i] % 2 != 0 && nums[i] > maxOdd) {
            maxOdd = nums[i];
        }
    }
    return maxOdd;
}",0
9a03d813-1feb-48ba-95ca-46cd6b5e3cbb,"public boolean twoTwo(int[] nums) {
    if (nums == null || nums.length == 0) return true;

    for (int i = 0; i < nums.length; i++) {
        if (nums[i] == 2) {
            if (i == nums.length - 1 || nums[i + 1] != 2) {
                return false;
            }
            i++;
        }
    }
    return true;
}",0
91795ea2-adfe-4209-bbe4-e72746d720fb,"public int luckySum(int a, int b, int c) {
    if (a == 13) return 0;
    if (b == 13) return a;
    if (c == 13) return a + b;
    return a + b + c;
}",0
ae65558c-bd09-42e6-a3c2-c375fb97430b,"public boolean xyBalance(String str) {
    int lastY = -1;
    for (int i = 0; i < str.length(); i++) {
        if (str.charAt(i) == 'y') {
            lastY = i;
        }
    }
    for (int i = 0; i < str.length(); i++) {
        if (str.charAt(i) == 'x' && i > lastY) {
            return false;
        }
    }
    return true;
}",0
0c79593b-435b-4296-ba4b-cfba2118c0f6,"public int[] zeroMax(int[] nums) {
    for (int i = 0; i < nums.length; i++) {
        if (nums[i] == 0) {
            nums[i] = findLargestOddToRight(nums, i);
        }
    }
    return nums;
}

private int findLargestOddToRight(int[] nums, int index) {
    int maxOdd = 0;
    for (int i = index + 1; i < nums.length; i++) {
        if (nums[i] % 2 != 0 && nums[i] > maxOdd) {
            maxOdd = nums[i];
        }
    }
    return maxOdd;
}",0
82160f87-ef05-4d68-a592-a6a9b0eeb01f,"public boolean has77(int[] nums) {
    for (int i = 0; i < nums.length - 1; i++) {
        if (nums[i] == 7 && nums[i + 1] == 7) {
            return true;
        }
    }
    for (int i = 0; i < nums.length - 2; i++) {
        if (nums[i] == 7 && nums[i + 2] == 7) {
            return true;
        }
    }
    return false;
}",0
718eaea3-e07a-47eb-acfe-1b12b57c11bd,"public String atFirst(String str) {
    if (str.length() >= 2) {
        return str.substring(0, 2);
    }
    if (str.length() == 1) {
        return str + ""@"";
    }
    return ""@@"";
}",0
0e71606e-f53f-41b5-97f4-ae37f543cf1c,"public int luckySum(int a, int b, int c) {
    if (a == 13) {
        return 0;
    } else if (b == 13) {
        return a;
    } else if (c == 13) {
        return a + b;
    } else {
        return a + b + c;
    }
}",0
fb6eb949-a926-4a03-ae16-7810006d7acd,"public int luckySum(int a, int b, int c) {
    if (a == 13) {
        return 0;
    } else if (b == 13) {
        return a;
    } else if (c == 13) {
        return a + b;
    } else {
        return a + b + c;
    }
}",0
ab46d56f-4046-4fd5-bc0b-2a53ffff8759,"public boolean answerCell(boolean isMorning, boolean isMom, boolean isAsleep) {
    if (isAsleep) {
        return false;
    }
    if (isMorning) {
        return isMom;
    }
    return true;
}",0
51cb71fb-6acd-4477-ba4c-f4782d7f8556,"public String without2(String str) {
    int len = str.length();
    if (len >= 2 && str.substring(0, 2).equals(str.substring(len - 2))) {
        return str.substring(2);
    }
    return str;
}",0
5ec48e99-f620-431c-8cf9-49253e8b8abb,"public int[] fix45(int[] nums) {
    int n = nums.length;
    int j = 0;
    
    for (int i = 0; i < n; i++) {
        if (nums[i] == 4) {
            while (nums[j] != 5 || (j > 0 && nums[j - 1] == 4)) {
                j++;
            }
            int temp = nums[i + 1];
            nums[i + 1] = 5;
            nums[j] = temp;
        }
    }
    
    return nums;
}",0
638e4e91-7472-449b-8ba8-5c5bccab4c07,"public int[] fix45(int[] nums) {
    int n = nums.length;
    int j = 0;
    for (int i = 0; i < n; i++) {
        if (nums[i] == 4) {
            while (nums[j] != 5 || (j > 0 && nums[j - 1] == 4)) {
                j++;
            }
            nums[j] = nums[i + 1];
            nums[i + 1] = 5;
        }
    }
    return nums;
}",0
07dd9ca5-2c14-44b2-929c-e11c9578ad7d,"public int sum3(int[] nums) {
    return nums[0] + nums[1] + nums[2];
}",0
f1c3c563-c5ff-4df8-a67e-6d77dd463a10,"public int luckySum(int a, int b, int c) {
    if (a == 13) {
        return 0;
    } else if (b == 13) {
        return a;
    } else if (c == 13) {
        return a + b;
    } else {
        return a + b + c;
    }
}",0
8a74b23b-c31d-4901-a70a-ea4a0e41a351,"public int sum3(int[] nums) {
    return nums[0] + nums[1] + nums[2];
}",0
6d4f9a93-dc1f-42b1-8dbb-04e5bdd70a20,"public boolean twoTwo(int[] nums) {
    if (nums.length == 0) return true;
    for (int i = 0; i < nums.length; i++) {
        if (nums[i] == 2) {
            if ((i > 0 && nums[i - 1] == 2) || (i < nums.length - 1 && nums[i + 1] == 2)) {
                continue;
            } else {
                return false;
            }
        }
    }
    return true;
}",0
d3386b56-ddde-4955-86b5-485a62b23974,"public int[] fix45(int[] nums) {
    int length = nums.length;
    int[] result = new int[length];
    int fiveIndex = 0;

    for (int i = 0; i < length; i++) {
        if (nums[i] == 4) {
            result[i] = 4;
            result[i + 1] = 5;
            i++;
        } else {
            result[i] = -1;
        }
    }

    for (int i = 0; i < length; i++) {
        if (nums[i] == 5) {
            while (fiveIndex < length && result[fiveIndex] != -1) {
                fiveIndex++;
            }
            if (fiveIndex < length) {
                result[fiveIndex] = 5;
                fiveIndex++;
            }
        }
    }

    for (int i = 0; i < length; i++) {
        if (result[i] == -1) {
            result[i] = nums[i];
        }
    }

    return result;
}",0
a34e4001-cda7-4a80-ae3e-b683ef3fcd24,"public int sum3(int[] nums) {
    return nums[0] + nums[1] + nums[2];
}",0
9baf74e1-f24a-4011-b26b-539e2f81c8d0,"public int countCode(String str) {
    int count = 0;
    for (int i = 0; i < str.length() - 3; i++) {
        if (str.charAt(i) == 'c' && str.charAt(i+1) == 'o' && str.charAt(i+3) == 'e') {
            count++;
        }
    }
    return count;
}",0
cda8e46e-7540-4a3a-a131-bb3926d2f1a0,"public boolean cigarParty(int cigars, boolean isWeekend) {
    if (isWeekend) {
        return cigars >= 40;
    }
    return cigars >= 40 && cigars <= 60;
}",0
266da942-f8da-4e71-82a7-cf6d50f9dcb3,"public String atFirst(String str) {
    if (str.length() >= 2) {
        return str.substring(0, 2);
    } else if (str.length() == 1) {
        return str.charAt(0) + ""@"";
    } else {
        return ""@@"";
    }
}",0
578f2ed4-84ad-4a6a-b78b-aea6ff56a803,"public int dateFashion(int you, int date) {
    if (you <= 2 || date <= 2) {
        return 0;
    } else if (you >= 8 || date >= 8) {
        return 2;
    } else {
        return 1;
    }
}",0
2150c165-c1fa-4a78-9f82-533023c07bd1,"public int sum3(int[] nums) {
    return nums[0] + nums[1] + nums[2];
}",0
6517b345-b213-4954-b170-af4474b85048,"public int sum3(int[] nums) {
    return nums[0] + nums[1] + nums[2];
}",0
93228476-d866-43d7-9389-606813f97060,"public int caughtSpeeding(int speed, boolean isBirthday) {
    if (isBirthday) {
        speed -= 5;
    }
    if (speed <= 60) {
        return 0;
    } else if (speed <= 80) {
        return 1;
    } else {
        return 2;
    }
}",0
0c6aeea2-b052-48ee-a8e1-430bfb3f465c,"public boolean has77(int[] nums) {
    for (int i = 0; i < nums.length - 1; i++) {
        if (nums[i] == 7 && (nums[i + 1] == 7 || (i < nums.length - 2 && nums[i + 2] == 7))) {
            return true;
        }
    }
    return false;
}",0
6d9123be-c143-4ad4-b551-ca1ec1d9940f,"public int sum3(int[] nums) {
    return nums[0] + nums[1] + nums[2];
}",0
e1cfc022-a956-40db-94e3-b175fd3e0609,"public String atFirst(String str) {
    if (str == null || str.isEmpty()) {
        return ""@@"";
    } else if (str.length() == 1) {
        return str.charAt(0) + ""@"";
    } else {
        return str.substring(0, 2);
    }
}",0
3db8d2a0-832a-446b-b0b3-815fa3b788db,"public int[] frontPiece(int[] nums) {
    if (nums.length < 2) {
        return nums;
    }
    int[] result = new int[2];
    result[0] = nums[0];
    result[1] = nums[1];
    return result;
}",0
c67f8959-ce44-4840-912d-f01319086853,"public int luckySum(int a, int b, int c) {
    if (a == 13) {
        return 0;
    } else if (b == 13) {
        return a;
    } else if (c == 13) {
        return a + b;
    } else {
        return a + b + c;
    }
}",0
6de0a95b-006d-41b1-a927-78b47bc00ada,"public boolean answerCell(boolean isMorning, boolean isMom, boolean isAsleep) {
    if (isAsleep) return false;
    if (isMorning && !isMom) return false;
    return true;
}",0
e277c5e6-9147-425e-945d-3e95ffac0487,"public int caughtSpeeding(int speed, boolean isBirthday) {
    int speedLimitNoTicket = 60;
    int speedLimitSmallTicket = 80;
    
    if (isBirthday) {
        speedLimitNoTicket += 5;
        speedLimitSmallTicket += 5;
    }
    
    if (speed <= speedLimitNoTicket) {
        return 0;
    } else if (speed <= speedLimitSmallTicket) {
        return 1;
    } else {
        return 2;
    }
}",0
7f97f369-ee69-4c86-9ce9-3f3179cec34a,"public int[] fix45(int[] nums) {
    int n = nums.length;
    int j = 0;
    for (int i = 0; i < n; i++) {
        if (nums[i] == 4) {
            while (nums[j] != 5) {
                j++;
            }
            int temp = nums[i + 1];
            nums[i + 1] = nums[j];
            nums[j] = temp;
        }
    }
    return nums;
}",0
f3c5fc27-2d2e-467d-8f42-f0762aba0cb3,"public int countClumps(int[] nums) {
    if (nums == null || nums.length < 2) {
        return 0;
    }
    
    int clumps = 0;
    boolean inClump = false;
    
    for (int i = 0; i < nums.length - 1; i++) {
        if (nums[i] == nums[i + 1]) {
            if (!inClump) {
                clumps++;
                inClump = true;
            }
        } else {
            inClump = false;
        }
    }
    
    return clumps;
}",0
c6d9fa63-d6e1-41bd-b373-ffe7ae6b39ba,"public int[] tenRun(int[] nums) {
    int currentMultiple = 0;
    boolean inSequence = false;
    
    for (int i = 0; i < nums.length; i++) {
        if (nums[i] % 10 == 0) {
            currentMultiple = nums[i];
            inSequence = true;
        } else if (inSequence) {
            nums[i] = currentMultiple;
        }
    }
    return nums;
}",0
cc07488e-3b19-4c06-ac38-7c42cc038a0f,"public String atFirst(String str) {
    if (str == null || str.isEmpty()) {
        return ""@@"";
    } else if (str.length() == 1) {
        return str + ""@"";
    } else {
        return str.substring(0, 2);
    }
}",0
8fa60123-2d83-4ea6-a7ce-49f8f92c5aa7,"public int countCode(String str) {
    int count = 0;
    for (int i = 0; i <= str.length() - 4; i++) {
        if (str.substring(i, i + 2).equals(""co"") && str.charAt(i + 3) == 'e') {
            count++;
        }
    }
    return count;
}",0
72103050-c592-4b2d-a2d7-a09fb8b1331f,"public boolean twoTwo(int[] nums) {
    int n = nums.length;
    for (int i = 0; i < n; i++) {
        if (nums[i] == 2) {
            if (i + 1 < n && nums[i + 1] == 2) {
                i++;
            } else {
                return false;
            }
        }
    }
    return true;
}",0
936f6d95-fa9f-40cb-a875-720bfd39aa5d,"public int sum13(int[] nums) {
    int sum = 0;
    boolean skipNext = false;
    for (int i = 0; i < nums.length; i++) {
        if (nums[i] == 13) {
            skipNext = true;
        } else if (skipNext) {
            skipNext = false;
        } else {
            sum += nums[i];
        }
    }
    return sum;
}",0
1bcd7665-f0a4-450f-98cd-4db603573c79,"public int noTeenSum(int a, int b, int c) {
    return fixTeen(a) + fixTeen(b) + fixTeen(c);
}

public int fixTeen(int n) {
    if ((n >= 13 && n <= 19) && !(n == 15 || n == 16)) {
        return 0;
    }
    return n;
}",0
9c06af5f-a6a0-4e1b-a509-1d3184f161ed,"public int blackjack(int a, int b) {
    if (a > 21) a = 0;
    if (b > 21) b = 0;
    return Math.max(a, b);
}",0
4eae8af3-e968-4187-9f26-92898b519cce,"public int greenTicket(int a, int b, int c) {
    if (a == b && b == c) {
        return 20;
    }
    if (a == b || b == c || a == c) {
        return 10;
    }
    return 0;
}",0
da9c6779-cf90-492c-9912-9d79fa10be3a,"public int sum13(int[] nums) {
    if (nums == null || nums.length == 0) {
        return 0;
    }

    int sum = 0;
    boolean skipNext = false;

    for (int i = 0; i < nums.length; i++) {
        if (skipNext) {
            skipNext = false;
            continue;
        }

        if (nums[i] == 13) {
            skipNext = true; // Skip the next number
        } else {
            sum += nums[i];
        }
    }

    return sum;
}",0
a5e32ff3-17b2-4a1f-9c55-ecda708b892f,"public int sum3(int[] nums) {
    int sum = 0;
    for (int i = 0; i < nums.length; i++) {
        sum += nums[i];
    }
    return sum;
}",0
b2a22dc2-1aec-4dd1-a6d8-ed0cf4f340b9,"public int luckySum(int a, int b, int c) {
    if (a == 13) {
        return 0;
    } else if (b == 13) {
        return a;
    } else if (c == 13) {
        return a + b;
    } else {
        return a + b + c;
    }
}",0
9aec21f8-a3a4-4420-a7b5-e304d44a7c53,"public int[] tenRun(int[] nums) {
    int currentMultiple = 0;
    boolean inSequence = false;
    for (int i = 0; i < nums.length; i++) {
        if (nums[i] % 10 == 0) {
            currentMultiple = nums[i];
            inSequence = true;
        }
        if (inSequence) {
            nums[i] = currentMultiple;
        }
    }
    return nums;
}",0
80adfc5c-0000-475f-8f13-653859691b72,"public String without2(String str) {
    if (str.length() >= 2 && str.startsWith(str.substring(str.length() - 2))) {
        return str.substring(2);
    }
    return str;
}",0
4370ec3f-68c5-49a4-9dfd-698c9bbb50fd,"public int[] fix45(int[] nums) {
    int n = nums.length;
    int j = 0;
    
    for (int i = 0; i < n; i++) {
        if (nums[i] == 4) {
            while (nums[j] != 5 || (j > 0 && nums[j - 1] == 4)) {
                j++;
            }
            int temp = nums[i + 1];
            nums[i + 1] = nums[j];
            nums[j] = temp;
        }
    }
    return nums;
}",0
9df5905e-b414-455c-a96e-c958ccf9e1b2,"public int[] tenRun(int[] nums) {
    int current = -1;
    for (int i = 0; i < nums.length; i++) {
        if (nums[i] % 10 == 0) {
            current = nums[i];
        } else if (current != -1) {
            nums[i] = current;
        }
    }
    return nums;
}",0
b5b5b7ba-6b75-44d8-a1db-b5b9ad9d36c3,"public int dateFashion(int you, int date) {
    if (you <= 2 || date <= 2) {
        return 0;
    } else if (you >= 8 || date >= 8) {
        return 2;
    } else {
        return 1;
    }
}",0
9a880b42-8797-48e2-83e8-655836cc1842,"public int countClumps(int[] nums) {
    int count = 0;
    int i = 0;
    while (i < nums.length) {
        int value = nums[i];
        int length = 0;
        while (i < nums.length && nums[i] == value) {
            i++;
            length++;
        }
        if (length > 1) {
            count++;
        }
    }
    return count;
}",0
765d608a-89d9-489b-aa63-1ddbc52e90ec,"public int[] fix45(int[] nums) {
    int n = nums.length;
    for (int i = 0; i < n; i++) {
        if (nums[i] == 4 && nums[i + 1] != 5) {
            for (int j = 0; j < n; j++) {
                if (nums[j] == 5 && (j == 0 || nums[j - 1] != 4)) {
                    int temp = nums[i + 1];
                    nums[i + 1] = nums[j];
                    nums[j] = temp;
                    break;
                }
            }
        }
    }
    return nums;
}",0
c7e7bcf1-223f-450e-8b27-c3250984932f,"public int[] withoutTen(int[] nums) {
    int insertPos = 0;
    for (int num : nums) {
        if (num != 10) {
            nums[insertPos] = num;
            insertPos++;
        }
    }
    while (insertPos < nums.length) {
        nums[insertPos] = 0;
        insertPos++;
    }
    return nums;
}",0
c659a1cc-e6c7-4f32-ab26-7f6f3ce9eb1e,"public int[] fix45(int[] nums) {
    int n = nums.length;
    int j = 0;
    for (int i = 0; i < n; i++) {
        if (nums[i] == 4) {
            while (nums[j] != 5 || (j > 0 && nums[j - 1] == 4)) {
                j++;
            }
            int temp = nums[i + 1];
            nums[i + 1] = nums[j];
            nums[j] = temp;
        }
    }
    return nums;
}",0
92160b5f-f00f-43f2-bc2d-7740440f02bf,"public boolean xyBalance(String str) {
    int lastX = -1;
    int lastY = -1;
    
    for (int i = 0; i < str.length(); i++) {
        if (str.charAt(i) == 'x') {
            lastX = i;
        } else if (str.charAt(i) == 'y') {
            lastY = i;
        }
    }
    
    return lastX == -1 || lastY >= lastX;
}",0
cc9cc5a9-7a01-467f-a358-81f15d289b37,"public int centeredAverage(int[] nums) {
    Arrays.sort(nums);
    int sum = 0;
    for (int i = 1; i < nums.length - 1; i++) {
        sum += nums[i];
    }
    return sum / (nums.length - 2);
}",0
487c7322-7e52-423e-b271-110efa4bfdf3,"public int countCode(String str) {
    int count = 0;
    for (int i = 0; i < str.length() - 3; i++) {
        if (str.substring(i, i + 2).equals(""co"") && str.charAt(i + 3) == 'e') {
            count++;
        }
    }
    return count;
}",0
303af801-34be-4109-a194-63cf0cd5370d,"public boolean squirrelPlay(int temp, boolean isSummer) {
    if (isSummer) {
        return temp >= 60 && temp <= 100;
    } else {
        return temp >= 60 && temp <= 90;
    }
}",0
acc1de86-7e33-4bff-96ff-ac7c5a094b07,"public int countClumps(int[] nums) {
    int count = 0;
    int i = 0;
    while (i < nums.length) {
        int value = nums[i];
        int length = 0;
        while (i < nums.length && nums[i] == value) {
            i++;
            length++;
        }
        if (length > 1) {
            count++;
        }
    }
    return count;
}",0
5a9f5471-077f-4a36-9281-1a2989e20564,"public int[] tenRun(int[] nums) {
    int currentMultiple = 0;
    boolean inSequence = false;
    for (int i = 0; i < nums.length; i++) {
        if (nums[i] % 10 == 0) {
            currentMultiple = nums[i];
            inSequence = true;
        } else if (inSequence) {
            nums[i] = currentMultiple;
        }
    }
    return nums;
}",0
e1613afe-78d8-4a94-9dda-840d7a1f71dc,"public boolean squirrelPlay(int temp, boolean isSummer) {
    if (isSummer) {
        return temp >= 60 && temp <= 100;
    } else {
        return temp >= 60 && temp <= 90;
    }
}",0
8aa7d092-3d69-4664-acf4-83a657c7af0d,"public int dateFashion(int you, int date) {
    if (you <= 2 || date <= 2) {
        return 0;
    } else if (you >= 8 || date >= 8) {
        return 2;
    } else {
        return 1;
    }
}",0
b816a763-f807-4029-93f7-83933c792007,"public int sum67(int[] nums) {
    int sum = 0;
    boolean ignoring = false;
    
    for (int i = 0; i < nums.length; i++) {
        if (nums[i] == 6) {
            ignoring = true;
        }
        
        if (!ignoring) {
            sum += nums[i];
        }
        
        if (nums[i] == 7 && ignoring) {
            ignoring = false;
        }
    }
    
    return sum;
}",0
36b96376-fcd8-4363-88f8-d756fcfd5436,"public int dateFashion(int you, int date) {
    if (you <= 2 || date <= 2) {
        return 0;
    } else if (you >= 8 || date >= 8) {
        return 2;
    } else {
        return 1;
    }
}",0
dbde2e1e-edaa-431f-ad96-f3ccbfa3a509,"public int countClumps(int[] nums) {
    int clumps = 0;
    int i = 0;
    while (i < nums.length) {
        int count = 0;
        int value = nums[i];
        while (i < nums.length && nums[i] == value) {
            count++;
            i++;
        }
        if (count > 1) {
            clumps++;
        }
    }
    return clumps;
}",0
bd8b036d-001e-428d-ad70-af331cbbffc6,"public int countClumps(int[] nums) {
    int clumpCount = 0;
    int i = 0;
    
    while (i < nums.length) {
        int count = 1;
        while (i + 1 < nums.length && nums[i] == nums[i + 1]) {
            i++;
            count++;
        }
        if (count > 1) {
            clumpCount++;
        }
        i++;
    }
    
    return clumpCount;
}",0
39037e07-8433-4ddd-a717-62fa01a368fe,"public int sum3(int[] nums) {
    return nums[0] + nums[1] + nums[2];
}",0
2ea79cd5-1b97-403e-a57f-1528aa678565,"public int dateFashion(int you, int date) {
    if (you <= 2 || date <= 2) {
        return 0;
    }
    if (you >= 8 || date >= 8) {
        return 2;
    }
    return 1;
}",0
65baf439-098a-493c-8429-41a739941113,"public int dateFashion(int you, int date) {
    if (you <= 2 || date <= 2) {
        return 0;
    }
    if (you >= 8 || date >= 8) {
        return 2;
    }
    return 1;
}",0
a48478c2-d9c3-42c8-ab73-98b873fd2204,"public int dateFashion(int you, int date) {
    if (you <= 2 || date <= 2) {
        return 0;
    }
    if (you >= 8 || date >= 8) {
        return 2;
    }
    return 1;
}",0
192fd5e6-e467-4a01-81b9-070b73f09637,"public boolean has77(int[] nums) {
    for (int i = 0; i < nums.length - 1; i++) {
        if (nums[i] == 7 && nums[i + 1] == 7) {
            return true;
        }
    }
    for (int i = 0; i < nums.length - 2; i++) {
        if (nums[i] == 7 && nums[i + 2] == 7) {
            return true;
        }
    }
    return false;
}",0
f94af312-793f-4a32-8acc-43081ab9ee00,"public int countCode(String str) {
    int count = 0;
    for (int i = 0; i < str.length() - 3; i++) {
        if (str.substring(i, i + 2).equals(""co"") && str.charAt(i + 3) == 'e') {
            count++;
        }
    }
    return count;
}",0
949907be-6734-4bcb-ab77-a682fb8ce0a6,"public int dateFashion(int you, int date) {
    if (you <= 2 || date <= 2) {
        return 0;
    }
    if (you >= 8 || date >= 8) {
        return 2;
    }
    return 1;
}",0
b711ee7d-5143-4c9d-b53c-89645c1c6be8,"public int dateFashion(int you, int date) {
    if (you <= 2 || date <= 2) {
        return 0;
    }
    if (you >= 8 || date >= 8) {
        return 2;
    }
    return 1;
}",0
99a32659-883f-4096-a823-28e8b91fc015,"public int redTicket(int a, int b, int c) {
    if (a == 2 && b == 2 && c == 2) {
        return 10;
    } else if (a == b && b == c) {
        return 5;
    } else if (a != b && a != c) {
        return 1;
    } else {
        return 0;
    }
}",0
97db9bf5-c555-4aeb-a48f-b05ae88b15a9,"public int sum3(int[] nums) {
    return nums[0] + nums[1] + nums[2];
}",0
b5810cc4-56e3-4899-b781-79e70e9e12fd,"public boolean evenlySpaced(int a, int b, int c) {
    // First, determine the order of a, b, and c
    int small, medium, large;
    
    if (a <= b && a <= c) {
        small = a;
        if (b <= c) {
            medium = b;
            large = c;
        } else {
            medium = c;
            large = b;
        }
    } else if (b <= a && b <= c) {
        small = b;
        if (a <= c) {
            medium = a;
            large = c;
        } else {
            medium = c;
            large = a;
        }
    } else {
        small = c;
        if (a <= b) {
            medium = a;
            large = b;
        } else {
            medium = b;
            large = a;
        }
    }
    
    // Check if the differences are equal
    return (medium - small) == (large - medium);
}",0
8800edad-2dd6-4142-b28f-cb21866c0b3d,"public int[] tenRun(int[] nums) {
    if (nums == null || nums.length == 0) return nums;
    int currentMultiple = 0;
    boolean inSequence = false;
    for (int i = 0; i < nums.length; i++) {
        if (nums[i] % 10 == 0) {
            currentMultiple = nums[i];
            inSequence = true;
        } else if (inSequence) {
            nums[i] = currentMultiple;
        }
    }
    return nums;
}",0
f5147804-7d1b-47ca-a268-1900bdf76de0,"public int redTicket(int a, int b, int c) {
    if (a == 2 && b == 2 && c == 2) {
        return 10;
    } else if (a == b && b == c) {
        return 5;
    } else if (a != b && a != c) {
        return 1;
    } else {
        return 0;
    }
}",0
8e7ad53e-4570-4029-8fa2-3a902587dd07,"public int countClumps(int[] nums) {
    int count = 0;
    boolean inClump = false;

    for (int i = 0; i < nums.length - 1; i++) {
        if (nums[i] == nums[i + 1]) {
            if (!inClump) {
                count++;
                inClump = true;
            }
        } else {
            inClump = false;
        }
    }

    return count;
}",0
d0ae1403-c1df-46b8-9b0d-2c4f5f2ddd36,"public boolean xyBalance(String str) {
    boolean yFound = false;
    for (int i = str.length() - 1; i >= 0; i--) {
        if (str.charAt(i) == 'y') {
            yFound = true;
        }
        if (str.charAt(i) == 'x' && !yFound) {
            return false;
        }
    }
    return true;
}",0
aa99f393-4dfe-45b3-85a9-e8a8b080ec65,"public int[] fix45(int[] nums) {
    int n = nums.length;
    for (int i = 0; i < n; i++) {
        if (nums[i] == 4) {
            for (int j = 0; j < n; j++) {
                if (nums[j] == 5 && (j == 0 || nums[j - 1] != 4)) {
                    int temp = nums[i + 1];
                    nums[i + 1] = nums[j];
                    nums[j] = temp;
                    break;
                }
            }
        }
    }
    return nums;
}",0
0be1edf5-e003-45eb-9d24-ca3cf0709888,"public boolean xyBalance(String str) {
    boolean yFound = false;
    for (int i = str.length() - 1; i >= 0; i--) {
        if (str.charAt(i) == 'y') {
            yFound = true;
        }
        if (str.charAt(i) == 'x' && !yFound) {
            return false;
        }
    }
    return true;
}",0
4dfa547d-2901-43e9-b2dc-bd86b1c09e16,"public String zipZap(String str) {
    String result = """";
    for (int i = 0; i < str.length(); i++) {
        if (i > 0 && i < str.length() - 1 && str.charAt(i - 1) == 'z' && str.charAt(i + 1) == 'p') {
            result += ""zp"";
            i += 1;
        } else {
            result += str.charAt(i);
        }
    }
    return result;
}",0
3d00217b-97c2-47d5-ae16-520fa8c232a2,"public boolean has77(int[] nums) {
    for (int i = 0; i < nums.length - 1; i++) {
        if (nums[i] == 7 && nums[i + 1] == 7) {
            return true;
        }
    }
    for (int i = 0; i < nums.length - 2; i++) {
        if (nums[i] == 7 && nums[i + 2] == 7) {
            return true;
        }
    }
    return false;
}",0
034d9ade-85fc-4041-95d4-c827a57e65ed,"public int caughtSpeeding(int speed, boolean isBirthday) {
    int speedLimit1 = 60;
    int speedLimit2 = 80;
    if (isBirthday) {
        speedLimit1 += 5;
        speedLimit2 += 5;
    }
    if (speed <= speedLimit1) {
        return 0;
    } else if (speed <= speedLimit2) {
        return 1;
    } else {
        return 2;
    }
}",0
422dd2fd-50a9-4cf5-b362-0aefeef2f185,"public int caughtSpeeding(int speed, boolean isBirthday) {
    if (isBirthday) {
        speed -= 5;
    }
    
    if (speed <= 60) {
        return 0;
    } else if (speed <= 80) {
        return 1;
    } else {
        return 2;
    }
}",0
f7ddbadf-1f02-45e2-b590-05a9fff961ce,"public int dateFashion(int you, int date) {
    if (you <= 2 || date <= 2) {
        return 0;
    } else if (you >= 8 || date >= 8) {
        return 2;
    } else {
        return 1;
    }
}",0
e7ccca9c-5c97-42e6-97bc-6cfd0dfc25ee,"public String mixString(String a, String b) {
    StringBuilder mixed = new StringBuilder();
    int maxLength = Math.max(a.length(), b.length());

    // Interleave characters of both strings
    for (int i = 0; i < maxLength; i++) {
        if (i < a.length()) {
            mixed.append(a.charAt(i));
        }
        if (i < b.length()) {
            mixed.append(b.charAt(i));
        }
    }

    return mixed.toString();
}",0
91058097-ad1a-4fbb-856f-9f38ef6e3029,"public int[] zeroMax(int[] nums) {
    for (int i = 0; i < nums.length; i++) {
        if (nums[i] == 0) {
            nums[i] = findLargestOddToRight(nums, i);
        }
    }
    return nums;
}

private int findLargestOddToRight(int[] nums, int startIndex) {
    int maxOdd = 0;
    for (int i = startIndex + 1; i < nums.length; i++) {
        if (nums[i] % 2 != 0 && nums[i] > maxOdd) {
            maxOdd = nums[i];
        }
    }
    return maxOdd;
}",0
8d5aedfc-709e-4dd4-8236-d305fad0e551,"public int dateFashion(int you, int date) {
    if (you <= 2 || date <= 2) {
        return 0;
    } else if (you >= 8 || date >= 8) {
        return 2;
    } else {
        return 1;
    }
}",0
0afa7943-286c-4bae-87d2-9b7d98eb195b,"public int[] zeroMax(int[] nums) {
    for (int i = 0; i < nums.length; i++) {
        if (nums[i] == 0) {
            nums[i] = findLargestOddToRight(nums, i);
        }
    }
    return nums;
}

private int findLargestOddToRight(int[] nums, int startIndex) {
    int maxOdd = 0;
    for (int i = startIndex + 1; i < nums.length; i++) {
        if (nums[i] % 2 != 0 && nums[i] > maxOdd) {
            maxOdd = nums[i];
        }
    }
    return maxOdd;
}",0
35c93ded-bcd4-4111-b8ee-9c3b05382947,"public class ZeroMaxReplacement {

    public static void main(String[] args) {
        int[] nums = {0, 5, 0, 3, 12, 0, 1};
        int[] result = zeroMax(nums);
        for (int num : result) {
            System.out.print(num + "" "");
        }
    }

    public static int[] zeroMax(int[] nums) {
        for (int i = 0; i < nums.length; i++) {
            if (nums[i] == 0) {
                nums[i] = findMaxOddToRight(nums, i);
            }
        }
        return nums;
    }

    private static int findMaxOddToRight(int[] nums, int startIndex) {
        int maxOdd = 0;
        for (int i = startIndex + 1; i < nums.length; i++) {
            if (nums[i] % 2 != 0 && nums[i] > maxOdd) {
                maxOdd = nums[i];
            }
        }
        return maxOdd;
    }
}",0
8db137e3-a895-4cf6-bb0c-dab8f559c3e9,"public String getSandwich(String str) {
    int firstBreadIndex = str.indexOf(""bread"");
    int lastBreadIndex = str.lastIndexOf(""bread"");
    if (firstBreadIndex != -1 && lastBreadIndex != -1 && firstBreadIndex != lastBreadIndex) {
        return str.substring(firstBreadIndex + 5, lastBreadIndex);
    }
    return """";
}",0
a99fc0fb-ba9e-4da9-a6e8-14634cdad422,"public int dateFashion(int you, int date) {
    if (you <= 2 || date <= 2) {
        return 0;
    } else if (you >= 8 || date >= 8) {
        return 2;
    } else {
        return 1;
    }
}",0
9d5ac819-87c5-4a08-977f-e5384fbf78f2,"public boolean xyBalance(String str) {
    boolean yFound = false;
    for (int i = str.length() - 1; i >= 0; i--) {
        if (str.charAt(i) == 'y') {
            yFound = true;
        }
        if (str.charAt(i) == 'x' && !yFound) {
            return false;
        }
    }
    return true;
}",0
45eebadf-b701-4b97-8fa9-5fe0770d23a6,"public int sum13(int[] nums) {
    int sum = 0;
    boolean skipNext = false;
    for (int i = 0; i < nums.length; i++) {
        if (nums[i] == 13) {
            skipNext = true;
        } else if (skipNext) {
            skipNext = false;
        } else {
            sum += nums[i];
        }
    }
    return sum;
}",0
6b4c55f4-ead9-4399-8177-faeb87b6b4b7,"public int[] fix45(int[] nums) {
    int index5 = 0;
    for (int i = 0; i < nums.length; i++) {
        if (nums[i] == 4) {
            while (nums[index5] != 5) {
                index5++;
            }
            int temp = nums[i + 1];
            nums[i + 1] = nums[index5];
            nums[index5] = temp;
        }
    }
    return nums;
}",0
f659e7d5-1338-4072-903f-2ecc84b4cf69,"public int sum13(int[] nums) {
    int sum = 0;
    boolean skipNext = false;

    for (int i = 0; i < nums.length; i++) {
        if (nums[i] == 13) {
            skipNext = true;
        } else if (!skipNext) {
            sum += nums[i];
        } else {
            skipNext = false;
        }
    }

    return sum;
}",0
1ea12f6a-b56d-4775-b98e-579c6c3c2a82,"public int centeredAverage(int[] nums) {
    int min = Integer.MAX_VALUE;
    int max = Integer.MIN_VALUE;
    int sum = 0;
    
    for(int num : nums) {
        sum += num;
        if(num < min) {
            min = num;
        }
        if(num > max) {
            max = num;
        }
    }
    
    sum -= min;
    sum -= max;
    
    return sum / (nums.length - 2);
}",0
a5b94beb-64b6-4af4-819a-22f2442a0b00,"public String plusOut(String str, String word) {
    StringBuilder result = new StringBuilder();
    int strLen = str.length();
    int wordLen = word.length();
    
    for (int i = 0; i < strLen; ) {
        if (i <= strLen - wordLen && str.substring(i, i + wordLen).equals(word)) {
            result.append(word);
            i += wordLen;
        } else {
            result.append('+');
            i++;
        }
    }
    
    return result.toString();
}",0
9241abd9-d6b8-44e8-9591-a7bbbefc3711,"public int caughtSpeeding(int speed, boolean isBirthday) {
    int speedLimit = isBirthday ? 65 : 60;
    if (speed <= speedLimit) {
        return 0;
    } else if (speed <= (isBirthday ? 85 : 80)) {
        return 1;
    } else {
        return 2;
    }
}",0
fd9ba14c-e4b1-4d36-ab6a-cc8f28389330,"public int caughtSpeeding(int speed, boolean isBirthday) {
    int speedLimit = isBirthday ? 65 : 60;
    if (speed <= speedLimit) {
        return 0;
    } else if (speed <= (isBirthday ? 85 : 80)) {
        return 1;
    } else {
        return 2;
    }
}",0
bde39825-af6f-4de5-83e1-63cce65fc8bd,"public int caughtSpeeding(int speed, boolean isBirthday) {
    int adjustedSpeed = isBirthday ? speed - 5 : speed;
    if (adjustedSpeed <= 60) {
        return 0;
    } else if (adjustedSpeed <= 80) {
        return 1;
    } else {
        return 2;
    }
}",0
945934c5-acd4-4fe0-810a-b8d82c063df5,"public int caughtSpeeding(int speed, boolean isBirthday) {
    int speedLimit = isBirthday ? 65 : 60;
    if (speed <= speedLimit) {
        return 0;
    } else if (speed <= (speedLimit + 20)) {
        return 1;
    } else {
        return 2;
    }
}",0
78c2141e-4548-479a-80b7-151b8b03a74d,"public int countClumps(int[] nums) {
    if (nums.length < 2) return 0;
    int clumps = 0;
    boolean inClump = false;
    for (int i = 1; i < nums.length; i++) {
        if (nums[i] == nums[i - 1]) {
            if (!inClump) {
                clumps++;
                inClump = true;
            }
        } else {
            inClump = false;
        }
    }
    return clumps;
}",0
7e76b1f4-aeac-4bc8-a971-f17ffeaa22f0,"public int countClumps(int[] nums) {
    int clumps = 0;
    int i = 0;
    while (i < nums.length) {
        int count = 0;
        int value = nums[i];
        while (i < nums.length && nums[i] == value) {
            count++;
            i++;
        }
        if (count >= 2) {
            clumps++;
        }
    }
    return clumps;
}",0
6ba92813-8c43-4927-a2ee-33978a276da8,"public int roundSum(int a, int b, int c) {
    return round10(a) + round10(b) + round10(c);
}

public int round10(int num) {
    if (num % 10 >= 5) {
        return num + (10 - num % 10);
    } else {
        return num - (num % 10);
    }
}",0
0494ac2f-6d1e-4f50-ab9e-55b963d6c0c2,"public String alarmClock(int day, boolean vacation) {
    boolean isWeekend = (day == 0 || day == 6);

    if (vacation) {
        if (isWeekend) {
            return ""off"";
        } else {
            return ""10:00"";
        }
    } else {
        if (isWeekend) {
            return ""10:00"";
        } else {
            return ""7:00"";
        }
    }
}",0
531ded1d-5a6d-4b42-8638-df3c1813415b,"public String alarmClock(int day, boolean vacation) {
    if (vacation) {
        if (day == 0 || day == 6) {
            return ""off"";
        } else {
            return ""10:00"";
        }
    } else {
        if (day == 0 || day == 6) {
            return ""10:00"";
        } else {
            return ""7:00"";
        }
    }
}",0
82f4f5c9-715d-4caa-8ec5-da2a1b5cadef,"public String alarmClock(int day, boolean vacation) {
    if (vacation) {
        if (day == 0 || day == 6) {
            return ""off"";
        } else {
            return ""10:00"";
        }
    } else {
        if (day == 0 || day == 6) {
            return ""10:00"";
        } else {
            return ""7:00"";
        }
    }
}",0
37266763-9d19-421c-9a8b-54e8d5bf9e1c,"public String alarmClock(int day, boolean vacation) {
    if (vacation) {
        if (day == 0 || day == 6) {
            return ""off"";
        } else {
            return ""10:00"";
        }
    } else {
        if (day == 0 || day == 6) {
            return ""10:00"";
        } else {
            return ""7:00"";
        }
    }
}",0
d9011366-43f1-45e5-b052-98ea6d0389eb,"public boolean canBalance(int[] nums) {
    int totalSum = 0;
    for (int num : nums) {
        totalSum += num;
    }

    int leftSum = 0;
    for (int i = 0; i < nums.length - 1; i++) {
        leftSum += nums[i];
        if (leftSum == totalSum - leftSum) {
            return true;
        }
    }

    return false;
}",0
1ccb6af7-8cd2-4c31-98cf-cce78725eee9,"public boolean canBalance(int[] nums) {
    int totalSum = 0;
    for (int num : nums) {
        totalSum += num;
    }
    int leftSum = 0;
    for (int i = 0; i < nums.length; i++) {
        leftSum += nums[i];
        if (leftSum == totalSum - leftSum) {
            return true;
        }
    }
    return false;
}",0
9b9e7cb3-7b38-43c9-9833-5c92c57ffd9e,"public int caughtSpeeding(int speed, boolean isBirthday) {
    int speedAllowance = isBirthday ? 5 : 0;
    if (speed <= 60 + speedAllowance) {
        return 0;
    } else if (speed <= 80 + speedAllowance) {
        return 1;
    } else {
        return 2;
    }
}",0
15bb878e-ef53-4cc0-9bf3-619340efefb6,"public int sum3(int[] nums)
{
    return nums[0] + nums[1] + nums[2];
}",0
4f9b5997-f6ca-4818-ab23-9e8faf4d3fbd,"public int caughtSpeeding(int speed, boolean isBirthday) {
    int adjustedSpeed = isBirthday ? speed - 5 : speed;
    if (adjustedSpeed <= 60) {
        return 0;
    } else if (adjustedSpeed <= 80) {
        return 1;
    } else {
        return 2;
    }
}",0
da926411-dd0a-4c7d-8bcf-3b68fbb1a6dd,"public int sum3(int[] nums) {
    return nums[0] + nums[1] + nums[2];
}",0
162497a7-e597-47a3-a641-b692894c6ad9,"public int sum3(int[] nums) {
    return nums[0] + nums[1] + nums[2];
}",0
0fa5e6e3-a5fe-429e-a03c-0b0052913ea3,"public int sum3(int[] nums) {
    return nums[0] + nums[1] + nums[2];
}",0
dd1d20af-9e63-4bc9-89c5-3fc513345574,"public int luckySum(int a, int b, int c) {
    if (a == 13) return 0;
    if (b == 13) return a;
    if (c == 13) return a + b;
    return a + b + c;
}",0
32d8abf7-1eaa-4952-9670-c7315a234ad9,"public int[] zeroMax(int[] nums) {
    for (int i = 0; i < nums.length; i++) {
        if (nums[i] == 0) {
            nums[i] = findLargestOddToRight(nums, i + 1);
        }
    }
    return nums;
}

private int findLargestOddToRight(int[] nums, int start) {
    int maxOdd = 0;
    for (int i = start; i < nums.length; i++) {
        if (nums[i] % 2 != 0 && nums[i] > maxOdd) {
            maxOdd = nums[i];
        }
    }
    return maxOdd;
}",0
067591db-4769-44dc-b7c8-c7d3c6863ae2,"public int makeChocolate(int small, int big, int goal) {
    int maxBigBars = goal / 5;
    int useBig = Math.min(maxBigBars, big);
    int remainder = goal - (useBig * 5);
    if (remainder <= small) {
        return remainder;
    } else {
        return -1;
    }
}",0
1cd3b364-8b51-4243-9f21-9e7e6e3ee8e9,"public int[] zeroMax(int[] nums) {
    for (int i = 0; i < nums.length; i++) {
        if (nums[i] == 0) {
            nums[i] = findLargestOdd(nums, i + 1);
        }
    }
    return nums;
}

private int findLargestOdd(int[] nums, int startIndex) {
    int maxOdd = 0;
    for (int i = startIndex; i < nums.length; i++) {
        if (nums[i] % 2 != 0 && nums[i] > maxOdd) {
            maxOdd = nums[i];
        }
    }
    return maxOdd;
}",0
93022c9c-8d1c-453f-b5d7-304e9de1563f,"public int[] zeroMax(int[] nums) {
    for (int i = 0; i < nums.length; i++) {
        if (nums[i] == 0) {
            nums[i] = findLargestOddToRight(nums, i + 1);
        }
    }
    return nums;
}

private int findLargestOddToRight(int[] nums, int start) {
    int maxOdd = 0;
    for (int i = start; i < nums.length; i++) {
        if (nums[i] % 2 != 0 && nums[i] > maxOdd) {
            maxOdd = nums[i];
        }
    }
    return maxOdd;
}",0
21b780c7-4b1c-44b3-bae6-5ffaa29c88e3,"public String atFirst(String str) {
    // Check the length of the string and handle each case
    if (str.length() == 0) {
        return ""@@"";
    } else if (str.length() == 1) {
        return str.charAt(0) + ""@"";
    } else {
        return str.substring(0, 2);
    }
}",0
06a35abc-f656-454a-9e70-994d3ca6ecc5,"public int[] fix45(int[] nums) {
    int j = 0;
    for (int i = 0; i < nums.length; i++) {
        if (nums[i] == 4) {
            while (nums[j] != 5 || (j > 0 && nums[j - 1] == 4)) {
                j++;
            }
            int temp = nums[i + 1];
            nums[i + 1] = nums[j];
            nums[j] = temp;
        }
    }
    return nums;
}",0
e176ff40-94aa-44f3-a4aa-3037d4efbe43,"public int[] tenRun(int[] nums) {
    int current = -1;
    for (int i = 0; i < nums.length; i++) {
        if (nums[i] % 10 == 0) {
            current = nums[i];
        } else if (current != -1) {
            nums[i] = current;
        }
    }
    return nums;
}",0
092c77ec-a18a-4f83-beb1-00f10b7692ca,"public int[] fix45(int[] nums) {
    int j = 0;
    for (int i = 0; i < nums.length; i++) {
        if (nums[i] == 4) {
            while (nums[j] != 5 || (j > 0 && nums[j - 1] == 4)) {
                j++;
            }
            int temp = nums[i + 1];
            nums[i + 1] = nums[j];
            nums[j] = temp;
        }
    }
    return nums;
}",0
052b2830-39c2-458f-bfde-69cc7768d204,"public int luckySum(int a, int b, int c) {
    if (a == 13) {
        return 0;
    } else if (b == 13) {
        return a;
    } else if (c == 13) {
        return a + b;
    } else {
        return a + b + c;
    }
}",0
442160da-3fda-422a-b881-e6b1ba09709a,"public boolean has77(int[] nums) {
    for (int i = 0; i < nums.length - 1; i++) {
        if (nums[i] == 7 && (nums[i + 1] == 7 || (i + 2 < nums.length && nums[i + 2] == 7))) {
            return true;
        }
    }
    return false;
}",0
b021bfc0-8c97-46c5-a856-8daced181997,"public int[] fix45(int[] nums) {
    int n = nums.length;
    int j = 0;
    while (j < n) {
        if (nums[j] != 5) {
            j++;
            continue;
        }
        for (int i = 0; i < n - 1; i++) {
            if (nums[i] == 4 && nums[i + 1] != 5) {
                int temp = nums[i + 1];
                nums[i + 1] = nums[j];
                nums[j] = temp;
                break;
            }
        }
        j++;
    }
    return nums;
}",0
d22766c7-33b2-4363-b0bb-a84a740c4c09,"public int caughtSpeeding(int speed, boolean isBirthday) {
    if (isBirthday) {
        speed -= 5;
    }
    if (speed <= 60) {
        return 0;
    } else if (speed <= 80) {
        return 1;
    } else {
        return 2;
    }
}",0
6f0cfe1b-1b20-42d3-8bd1-631b05f7e5f4,"public boolean squirrelPlay(int temp, boolean isSummer) {
    if (isSummer) {
        return temp >= 60 && temp <= 100;
    } else {
        return temp >= 60 && temp <= 90;
    }
}",0
00e4c9db-d88d-4f3b-ad77-21166e108aea,"public boolean squirrelPlay(int temp, boolean isSummer) {
    if (isSummer) {
        return temp >= 60 && temp <= 100;
    } else {
        return temp >= 60 && temp <= 90;
    }
}",0
70b97096-3053-49bf-89ee-2f87e81e58b4,"public boolean squirrelPlay(int temp, boolean isSummer) {
    if (isSummer) {
        return temp >= 60 && temp <= 100;
    } else {
        return temp >= 60 && temp <= 90;
    }
}",0
3a6599f8-76db-4509-8b19-124bf231dda9,"public int countCode(String str) {
    int count = 0;
    for (int i = 0; i <= str.length() - 4; i++) {
        if (str.substring(i, i + 2).equals(""co"") && str.charAt(i + 3) == 'e') {
            count++;
        }
    }
    return count;
}",0
c5d77f86-0da0-4043-88be-887b4caa5a4e,"public int greenTicket(int a, int b, int c) {
    if (a == b && b == c) return 20;
    if (a == b || b == c || a == c) return 10;
    return 0;
}",0
999a68d6-2994-4a66-b7f9-e1ad6748a051,"public int dateFashion(int you, int date) {
    if (you <= 2 || date <= 2) {
        return 0;
    } else if (you >= 8 || date >= 8) {
        return 2;
    } else {
        return 1;
    }
}",0
f3252fff-260d-40ff-a90c-ebc3a68e0de1,"public int dateFashion(int you, int date) {
    if (you <= 2 || date <= 2) {
        return 0;
    }
    if (you >= 8 || date >= 8) {
        return 2;
    }
    return 1;
}",0
576c5c72-492e-45d8-847a-907e7727edca,"public int dateFashion(int you, int date) {
    if (you <= 2 || date <= 2) {
        return 0;
    }
    if (you >= 8 || date >= 8) {
        return 2;
    }
    return 1;
}",0
c55ccaf0-943f-4e44-bc94-2f61ceceb36c,"public int sum67(int[] nums) {
    if (nums == null || nums.length == 0) {
        return 0;
    }

    int sum = 0;
    boolean ignoreSection = false;

    for (int num : nums) {
        if (num == 6) {
            ignoreSection = true;
        } else if (ignoreSection && num == 7) {
            ignoreSection = false;
        } else if (!ignoreSection) {
            sum += num;
        }
    }

    return sum;
}",0
ac171e07-2c0e-490d-8be0-52c33b21b077,"public int dateFashion(int you, int date) {
    if (you <= 2 || date <= 2) {
        return 0;
    }
    if (you >= 8 || date >= 8) {
        return 2;
    }
    return 1;
}",0
b8506973-049a-44cf-bc94-a220d22ea825,"public int dateFashion(int you, int date) {
    if (you <= 2 || date <= 2) {
        return 0;
    }
    if (you >= 8 || date >= 8) {
        return 2;
    }
    return 1;
}",0
31605838-272e-4698-95c6-c6ee4a1b35d1,"public int[] zeroMax(int[] nums) {
    for (int i = 0; i < nums.length; i++) {
        if (nums[i] == 0) {
            nums[i] = findLargestOddToRight(nums, i + 1);
        }
    }
    return nums;
}

private int findLargestOddToRight(int[] nums, int startIndex) {
    int maxOdd = 0;
    for (int i = startIndex; i < nums.length; i++) {
        if (nums[i] % 2 != 0 && nums[i] > maxOdd) {
            maxOdd = nums[i];
        }
    }
    return maxOdd;
}",0
da8e941e-04b7-49b1-8b02-5ce41ce0f2a1,"public int[] seriesUp(int n) {
    int length = n * (n + 1) / 2;
    int[] result = new int[length];
    int index = 0;
    for (int i = 1; i <= n; i++) {
        for (int j = 1; j <= i; j++) {
            result[index++] = j;
        }
    }
    return result;
}",0
c62cec7f-91d3-449f-a18d-d1c8eeedf83c,"public int[] seriesUp(int n) {
    int length = n * (n + 1) / 2;
    int[] result = new int[length];
    int index = 0;
    for (int i = 1; i <= n; i++) {
        for (int j = 1; j <= i; j++) {
            result[index++] = j;
        }
    }
    return result;
}",0
140eb4f5-549f-4385-8262-e2728a20fdc8,"public int[] seriesUp(int n) {
    int length = n * (n + 1) / 2;
    int[] result = new int[length];
    int index = 0;
    for (int i = 1; i <= n; i++) {
        for (int j = 1; j <= i; j++) {
            result[index++] = j;
        }
    }
    return result;
}",0
1a397e73-210f-4b11-a4cf-16736d7613ef,"public int[] seriesUp(int n) {
    int length = n * (n + 1) / 2;
    int[] result = new int[length];
    int index = 0;
    for (int i = 1; i <= n; i++) {
        for (int j = 1; j <= i; j++) {
            result[index++] = j;
        }
    }
    return result;
}",0
33a11c1f-ddb2-4f81-8677-0668622c80ac,"public int luckySum(int a, int b, int c) {
    if (a == 13) {
        return 0;
    } else if (b == 13) {
        return a;
    } else if (c == 13) {
        return a + b;
    } else {
        return a + b + c;
    }
}",0
24d6063d-9ebf-475a-8058-407ea7d30fd9,"public String alarmClock(int day, boolean vacation) {
    boolean isWeekend = (day == 0 || day == 6);

    if (vacation) {
        if (isWeekend) {
            return ""off"";
        } else {
            return ""10:00"";
        }
    } else {
        if (isWeekend) {
            return ""10:00"";
        } else {
            return ""7:00"";
        }
    }
}",0
65e7860a-5530-4871-97d1-dd88838af41b,"public String getSandwich(String str) {
    int first = str.indexOf(""bread"");
    int last = str.lastIndexOf(""bread"");
    if (first == -1 || last == -1 || first == last) {
        return """";
    }
    return str.substring(first + 5, last);
}",0
af7e9366-68ab-4477-8187-6251468d6acc,"public boolean squirrelPlay(int temp, boolean isSummer) {
    if (isSummer) {
        return temp >= 60 && temp <= 100;
    } else {
        return temp >= 60 && temp <= 90;
    }
}",0
240c6d3d-59f8-48d7-9cb1-da859e02f458,"public int countClumps(int[] nums) {
    int clumps = 0;
    int i = 0;
    while (i < nums.length) {
        int count = 1;
        while (i + 1 < nums.length && nums[i] == nums[i + 1]) {
            count++;
            i++;
        }
        if (count >= 2) {
            clumps++;
        }
        i++;
    }
    return clumps;
}",0
e1700425-5dca-4669-869a-d4e44c0e7ab6,"public String alarmClock(int day, boolean vacation) {
    if (vacation) {
        if (day == 0 || day == 6) {
            return ""off"";
        } else {
            return ""10:00"";
        }
    } else {
        if (day == 0 || day == 6) {
            return ""10:00"";
        } else {
            return ""7:00"";
        }
    }
}",0
79367f66-2885-4c3a-b56b-b5896ef547ad,"public String alarmClock(int day, boolean vacation) {
    if (vacation) {
        if (day == 0 || day == 6) {
            return ""off"";
        } else {
            return ""10:00"";
        }
    } else {
        if (day == 0 || day == 6) {
            return ""10:00"";
        } else {
            return ""7:00"";
        }
    }
}",0
9a99958a-bec8-4480-9ed2-08dfd0ffa61e,"public String alarmClock(int day, boolean vacation) {
    if (vacation) {
        if (day == 0 || day == 6) {
            return ""off"";
        } else {
            return ""10:00"";
        }
    } else {
        if (day == 0 || day == 6) {
            return ""10:00"";
        } else {
            return ""7:00"";
        }
    }
}",0
dab2b7e0-ccf8-4723-be7c-ec9e16697f4f,"public boolean answerCell(boolean isMorning, boolean isMom, boolean isAsleep) {
    if (isAsleep) {
        return false;
    }
    if (isMorning) {
        return isMom;
    }
    return true;
}",0
0686e6de-a6db-44f4-8a88-ec0703bcd385,"public int sum3(int[] nums) {
    return nums[0] + nums[1] + nums[2];
}",0
13f2b2c7-2119-40b4-a7a1-8b6938bdff08,"public int sum3(int[] nums) {
    return nums[0] + nums[1] + nums[2];
}",0
12a7617e-6c92-4edb-8903-495bed408039,"public int sum3(int[] nums) {
    return nums[0] + nums[1] + nums[2];
}",0
3b8c6c15-dc36-4229-a612-add56714a7f6,"public int sum3(int[] nums) {
    return nums[0] + nums[1] + nums[2];
}",0
a3331da4-3af2-4978-a8fd-ecac31ecc9cd,"public boolean twoTwo(int[] nums) {
    if (nums == null || nums.length == 0) return true;
    for (int i = 0; i < nums.length; i++) {
        if (nums[i] == 2) {
            if (i > 0 && nums[i - 1] == 2) continue;
            if (i < nums.length - 1 && nums[i + 1] == 2) continue;
            return false;
        }
    }
    return true;
}",0
13983d22-87ec-49e3-88d1-d14c9a27a757,"public int sum67(int[] nums) {
    int sum = 0;
    boolean ignore = false;
    
    for (int i = 0; i < nums.length; i++) {
        if (nums[i] == 6) {
            ignore = true;
        }
        if (!ignore) {
            sum += nums[i];
        }
        if (nums[i] == 7 && ignore) {
            ignore = false;
        }
    }
    
    return sum;
}",0
79cc87d3-3a02-4e2c-9ee6-ef46c04d5eab,"public int sum67(int[] nums) {
    int sum = 0;
    boolean ignore = false;
    
    for (int i = 0; i < nums.length; i++) {
        if (nums[i] == 6) {
            ignore = true;
        }
        
        if (!ignore) {
            sum += nums[i];
        }
        
        if (nums[i] == 7 && ignore) {
            ignore = false;
        }
    }
    
    return sum;
}",0
84ed8066-48ac-4f6c-bd26-287db9ac7755,"public int sum67(int[] nums) {
    int sum = 0;
    boolean inRange = false;
    
    for (int i = 0; i < nums.length; i++) {
        if (nums[i] == 6) {
            inRange = true;
        }
        
        if (!inRange) {
            sum += nums[i];
        }
        
        if (nums[i] == 7 && inRange) {
            inRange = false;
        }
    }
    
    return sum;
}",0
295580ae-6b63-4fa5-997e-146ce67d4709,"public int sum67(int[] nums) {
    int sum = 0;
    boolean inSection = false;
    
    for (int i = 0; i < nums.length; i++) {
        if (nums[i] == 6) {
            inSection = true;
        }
        if (!inSection) {
            sum += nums[i];
        }
        if (nums[i] == 7 && inSection) {
            inSection = false;
        }
    }
    
    return sum;
}",0
bcb32a58-4f4f-4659-96e4-34b644905267,"public int sum67(int[] nums) {
    int sum = 0;
    boolean inSection = false;
    for (int i = 0; i < nums.length; i++) {
        if (nums[i] == 6) {
            inSection = true;
        }
        if (!inSection) {
            sum += nums[i];
        }
        if (nums[i] == 7 && inSection) {
            inSection = false;
        }
    }
    return sum;
}",0
fafe0db4-a601-4dd1-8ef7-9371b311a19d,"public int sum67(int[] nums) {
    int sum = 0;
    boolean inSection = false;
    for (int i = 0; i < nums.length; i++) {
        if (nums[i] == 6) {
            inSection = true;
        }
        if (!inSection) {
            sum += nums[i];
        }
        if (nums[i] == 7 && inSection) {
            inSection = false;
        }
    }
    return sum;
}",0
8c96d2a0-89f6-4a0d-83aa-64db4ed32183,"public int sum67(int[] nums) {
    int totalSum = 0;
    boolean inSection = false;
    
    for (int num : nums) {
        if (num == 6) {
            inSection = true;
        }
        
        if (!inSection) {
            totalSum += num;
        }
        
        if (inSection && num == 7) {
            inSection = false;
        }
    }
    
    return totalSum;
}",0
64566148-1a30-473e-a626-4b1397ad4ddf,"public String alarmClock(int day, boolean vacation) {
    if (vacation) {
        if (day == 0 || day == 6) {
            return ""off"";
        } else {
            return ""10:00"";
        }
    } else {
        if (day == 0 || day == 6) {
            return ""10:00"";
        } else {
            return ""7:00"";
        }
    }
}",0
eaaefc43-8b27-4ea5-a165-6dd0e95e58be,"public String alarmClock(int day, boolean vacation) {
    if (vacation) {
        if (day == 0 || day == 6) {
            return ""off"";
        } else {
            return ""10:00"";
        }
    } else {
        if (day == 0 || day == 6) {
            return ""10:00"";
        } else {
            return ""7:00"";
        }
    }
}",0
cf8a7b71-6d99-482e-aa2d-d54a2bf5638f,"public String alarmClock(int day, boolean vacation) {
    if (vacation) {
        if (day == 0 || day == 6) {
            return ""off"";
        } else {
            return ""10:00"";
        }
    } else {
        if (day == 0 || day == 6) {
            return ""10:00"";
        } else {
            return ""7:00"";
        }
    }
}",0
ae795462-90f9-4301-a56f-d365da071ba9,"public int[] frontPiece(int[] nums) {
    if (nums.length < 2) {
        return nums;
    } else {
        return new int[]{nums[0], nums[1]};
    }
}",0
a099f9c0-ec56-436f-8480-e32756188d63,"public int[] fix45(int[] nums) {
    int n = nums.length;
    int index5 = 0;

    for (int i = 0; i < n; i++) {
        if (nums[i] == 4) {
            while (nums[index5] != 5 || (index5 > 0 && nums[index5 - 1] == 4)) {
                index5++;
            }
            int temp = nums[i + 1];
            nums[i + 1] = nums[index5];
            nums[index5] = temp;
        }
    }
    return nums;
}",0
8f5d293a-2f5c-4e5d-81af-ed4160730525,"public int[] fix45(int[] nums) {
    int n = nums.length;
    int index5 = 0;
    for (int i = 0; i < n; i++) {
        if (nums[i] == 4) {
            while (nums[index5] != 5 || (index5 > 0 && nums[index5 - 1] == 4)) {
                index5++;
            }
            int temp = nums[i + 1];
            nums[i + 1] = nums[index5];
            nums[index5] = temp;
        }
    }
    return nums;
}",0
26c949ba-dfdf-47dd-8053-7e0c7b8db3c5,"public int luckySum(int a, int b, int c) {
    int sum = 0;
    
    if (a == 13) {
        return sum;
    }
    sum += a;
    
    if (b == 13) {
        return sum;
    }
    sum += b;
    
    if (c == 13) {
        return sum;
    }
    sum += c;
    
    return sum;
}",0
fc6e55c8-2353-41a1-98ab-af1c92cbb883,"public int luckySum(int a, int b, int c) {
    int sum = 0;
    
    if (a == 13) {
        return sum;
    }
    sum += a;
    
    if (b == 13) {
        return sum;
    }
    sum += b;
    
    if (c == 13) {
        return sum;
    }
    sum += c;
    
    return sum;
}",0
6f84d542-30c7-4d25-a760-f6f167d4ecb6,"public int[] frontPiece(int[] nums) {
    if (nums.length < 2) {
        return nums;
    } else {
        return new int[] {nums[0], nums[1]};
    }
}",0
e75f5fa6-0659-423a-b6b1-958da97b663b,"public int countClumps(int[] nums) {
    if (nums == null || nums.length == 0) {
        return 0;
    }

    int clumps = 0;
    boolean inClump = false;

    for (int i = 0; i < nums.length - 1; i++) {
        if (nums[i] == nums[i + 1]) {
            if (!inClump) {
                clumps++;
                inClump = true;
            }
        } else {
            inClump = false;
        }
    }

    return clumps;
}",0
32cf0ce9-8953-493a-843c-4dcd1173f7e3,"public int[] frontPiece(int[] nums) {
    if (nums.length >= 2) {
        return new int[] { nums[0], nums[1] };
    } else {
        return nums;
    }
}",0
c7d868ca-4e5b-4ee2-b107-605a5fa1669d,"public int[] frontPiece(int[] nums) {
    if (nums.length < 2) {
        return nums;
    } else {
        return new int[] { nums[0], nums[1] };
    }
}",0
