ID,Code
dfebf4d3ccb1c45c713e88e11542556ee4a55d1e,"public int[] seriesUp(int n)
{
    int[] result = new int[n * (n + 1)/2];
    int k = 0;
	for(int i = 1; i <= n; i++)
	{
		for(int j = 1; j <= i; j++)
        {
			result[k] = j;
            k++;
        }
	}
    return result;
}
"
2b92c031167d3664a0be5ab4cee6d5ad678ce824,"public int sum67(int[] nums)
{
    int count = 0;
    int seven = 0;
    
    for (int i = 0; i < nums.length; i++)
    {
        if (nums[i] == 6)
        {
           for (int x = i; x < nums.length; x++)
           {
               if (nums[x] != 7)
               {
                   count = count + 0;
               }
               else if (nums[x] == 7)
               {
                   count = count + 0;
                   i = i + x;
               }
           }
        
        }
        
        count = count + nums[i];
        // i'm stuck on excluding numbers up till 7.
        // okay, i'm trying to say:
        // when you reach a 6, ignore the 6.
        // then, ignore each number until you reach a 7.
        
        // so perhaps the smarter way to state this is:
        // ahhh maybe a separate int to count 7's?
        
        // i'm thinking in the way the problem is laid out for me, where
        // i'm supposed to ""ignore"" sections of numbers
        
        // maybe just fucking count them all and ignore the ones in between 6 and 7
        
       
        
    }
    
    return count;
}

"
3e52e3a1544f71192d5ae9883005f6c91861bff1,"public int noTeenSum(int a, int b, int c)
{
    return fixTeen(a) + fixTeen(b) + fixTeen(c);
}

public int fixTeen(int n)
{
    switch (n) {
        case 13:
        case 14:
        case 17:
        case 18:
        case 19:
            return 0;
            break;
        default:
            return n;
            break;
    }
    
}
"
68e3bb5f96347b10e0c0bade3bdb8460b5d95909,"public String mixString(String a, String b)
{
    String Result = """"; 
    int times = Math.min(a.length(), b.length()); 
    
    for (int i = 0; i < times; i++)
    {
        String strA = Character.toString(a.charAt(i);
        String strB = Character.toString(b.charAt(i);
                                         
        Result = Result.concat(strA);
        Result = Result.concat(strB);
        a.replaceFirst(strA, """"); 
        b.replaceFirst(strB, """");  
    }
   
    return Result; 
   	
    
}
"
ba64e188a7ff94c5ca147732e34becd1b2436677,"public String atFirst(String str)
{
    String result = str.substring(0, 2);
    
    return result;
}
"
1cc197e2eb09d07e1071b94d43d2811c158b6e04,"public int redTicket(int a, int b, int c)
{
    if (a == b && b == c)
    {
     	if ( a == 2)
            return 10;
        return 5;
    }
    if (a != b && a != c)
        return 1;
    return 0;
}
"
51cd81eddc2c0304f6f4b44ade4bf6e3c8a6aff8,"public String alarmClock(int day, boolean vacation)
{
    if (day >=1 && day <= 5)
    {
        return vacation ? ""10:00"" : ""7:00"";
    }
    
    else
    {
        return vacation ? ""off"" : ""10:00""
    }

    
}
"
6e2e62d18f30974998599ac300549d4eb85fb22c,"public static int[] fizzArray(int n) {

//initializing integer array with size n

int[] result = new int[n];

for (int i = 0; i < n; i++){

result[i] = i;

}

return result;

}
"
e9a643c862a4712528df227bd0c86412692f6215,"public String zipZap(String str)
{
	String result = """";

	for (int i = 0; i < str.length() - 2; i++)
    {
		if (i == 0 || i % 3 == 0) 
        {
			result += str.substring(i + 1, i + 3);
			result += str.charAt(i);
		}
	}
return result;
}
"
45c6f2acab29e9cc160c248c2988bb8e33eb2e0c,"public boolean squirrelPlay(int temp, boolean isSummer)
{
    if(isSummer)
        return (temp >= 60 && temp <= 100);
    	return (temp >= 60 && temp <== 90);
}
"
03963c180ede47baf3cb2a34f74b6ff99ed0fee1,"public int[] zeroMax(int[] nums) {
    int largestOdd = 0;
    for (int i = nums.length - 1; i >= 0; i--) {
        if (nums[i] % 2 == 1 && nums[i] > largestOdd)
            largestOdd = nums[i];
        if (nums[i] == 0)
            nums[i] = largestOdd;
    }
    return nums;
}"
96649403e3463cc1c05171bea6b6b5e9d2710fe4,"public boolean isEverywhere(int[] nums, int val)
{
//    for (int i = 0; i < nums.length; i++)
//    {
  //   	if (nums[i] != val || nums[i++] != val)
    //    {
      //      return false;
        //}
    //}
    //return true;
    
    for (int i = 0; i <=nums.length-2;i++)

{

if ( nums[i] != val && nums[i+1] != val)

result = false;

}

  return result;

}
"
852b3e14a19fa6d9cd555e092d1e015cb6087fa2,"public int sum13(int[] nums)
{
    int sum = 0;
    if (num.length != 0)
    {
        for (int num: nums)
        {
            if (num != 13)
            {
                sum = sum + num;
            }
        }
    }
    return sum;
}
"
d3bbd5372c67b93d7e4c5f3425ac793bb5763980,"public int sortaSum(int a, int b)
{
    int sum = a + b;
    if (sum >= 10 && sum <= 19)
        return 20;
    return sum;
}
"
23b5ec2ba8fe6b1ec171faaa28bcd140793480f8,"public int[] seriesUp(int n) {
  int[] result = new int[n * (n + 1) / 2];
  int i = 0;
  for (int j = 1; j <= n; ++j)
    for (int k = 1; k <= j; ++k)
      result[i++] = k;
  return result;
}"
3ffbe27f13432d33b39ddbe8b4cbe4e06c086bc6,"public int noTeenSum(int a, int b, int c)
{
     if (a >= 13 || a <= 19 && a != 14 && a != 15)
     {
         return 0;
     }
    if (b >= 13 || b <= 19 && b != 14 && b != 15)
     {
         return 0;
     }
    if (c >= 13 || c <= 19 && c != 14 && c != 15)
     {
         return 0;
     }
    else 
    {
        return a + b + c;
    }
}

public int fixTeen(int n)
{
    return 0;
}
"
ddac932de10e09f5863309d8721d58b4f4b86fe8,"private int sum; 

public int sortaSum(int a, int b)
{
    sum = a + b; 
    a + b = sum; 
    if (sum >= 19 || sum <= 10)
    {
        sum = 20; 
    }
    return sum; 
}
"
bbf414c607917bae018f323952576cc4855d0403,"public int[] fix45(int[] nums)
{
    int[] fours = new int [3];
    int[] fives = new int[3];
    int index4=0;
    int index5 = 0;
    for (int i=0; i<nums.length;i++)
    {
        if (nums[i] == 4)
        {
            fours[index4] = i;
            index4++;
        }
        else if (nums[i] == 5)
        {
            fives[index5] = i;
            index5++;
        }
    }
    for (int i = index5-1; i>=0;i--)
    {
        if (nums[fours[i]+1]!=5)
        {
        	nums[fives[i]] = nums[fours[i]+1];
        	nums[fours[i]+1] = 5;
        }
    }
    
    
    
    
    //int start = 0;
    //int skip = -1;
    //for (int i=0; i<nums.length;i++)
    //{
    //    if (nums[i] == 4)
    //    {
    //        for (int j=start; j<nums.length;j++)
   	//		{
    //            if (j!=skip && nums[j]==5)
    //            {
    //                nums[j]=nums[i+1];
    //                nums[i+1]=5;
    //                skip = i+1;
    //                break;
    //            }
    //        }
    //    }
    //}
    return nums;
}
"
45bb0c43390b2898deab9a359cdda85e43e43e39,"public int[] shiftLeft(int[] nums)
{
    int[] result = new int[nums.length];
    for (int i = 0; i< nums.length - 1; i++)
    {
		result[i] = nums[i+1];
    }
    result[nums.length - 1] = nums[0];
    
    return result;
}
"
1d6179ccdc1c6fce139143f569025a679c1301a0,"public int[] zeroMax(int[] nums)
{
	 int largeOdd = 0;
    for (int i = nums.length - 1; i >= 0; i--)
    {
    	if (nums[i] % 2 == 1 && nums[i] > largeOdd)
        	largeOdd == nums[i];
        if (nums[i] == 0)
        	nums[i] == largeOdd;
    }
    return nums;
}"
32396e685c9c1f94f438bfabc71c445d254ec3ff,"public int sortaSum(int a, int b)
{
    int sum = 0;
    if (sum >= 10 && sum <= 19){
        sum = 20;
    }
    return sum;
}
"
3f5371d66ceab48748b0f582c36f8b706e9a62a3,"public int centeredAverage(int[] nums)
{
     int sum = 0;
    int min = nums[0];
    int max = nums[1];
         
    for(int i = 0; i < nums.length; i++) {
         max = Math.max(max, nums[i]);
        sum += nums[i];
        min = Math.min(min, nums[i]);
       
    }
    int result = (sum - min - max) / (nums.length - 2);                      
    return result ;
}
"
fb63e4d9b9f844eb6f3145768fe6bd59fda4c682,"public int greenTicket(int a, int b, int c)
{
    int result = 0;
    if (a == b && a == c)
        result = 20;
    if (a == b || a == c || b == c)
        result = 10;
    else
        result = 0;
    return result;
 
}
"
f084c8e316bc150f5798d68bfc4c45353feede72,"    public static boolean xyzThere( String str )
    {
        boolean result = false;

        for ( int i = 0; i < str.length() - 2; i++ )
        {
            if ( ""xyz"".equals( str.substring( i, i + 3 ) ) )
            {
                if ( i == 0 || str.charAt( i - 1 ) != '.' )
                {
                    return true;
                }
            }
        }

        return result;
    }
}
"
bb95327d0292272d65dd996e6aa6f61c87319399,"public boolean endOther(String a, String b)
{
    if a.length() == ""a"" + ""b""
        return b.substring(0,1).toLowerCase();
}
"
9168269e62eec3d2cc6abee104600936fad07115,"public int sortaSum(int a, int b)
{
    if (a + b >= 10 || a + b <= 19)
    {
        return 20;
    }
    return a + b;
}
"
b05268e4079f92fa8c479a385b128576976d16c9,"public String atFirst(String str)
{
    String result = str.substring(0, 2);
    
    String value = '@';
    
    if (result.length() == 0)
    {
        result.charAt(0) = '@';
        result(1) = '@';
    }
    else if (result.length() == 1)
    {
        result(1) = '@';
    }
    else
    {
        result = result;
    }
    
    return result;
}
"
c3f9d9c89be8302fbf11a1742a2668305b2fcaf4,"public int sortaSum(int a, int b)
{
    int sum = a + b;
    
    if(10 <= sum && sum <= 19)
        return 20;
              
    return sum;
    
}
"
56cccc5e57b71638ae0f36747e6ae090dc81fe2d,"public int sum67(int[] nums)
{
    int count = 0;
    int seven = 0;
    
    for (int i = 0; i < nums.length; i++)
    {
        if (nums[i] == 6)
        {
           for (int x = i + 1; x < nums.length; x++)
           {
               if (nums[x] != 7)
               {
                   count = count + 0;
               }
               else if (nums[x] == 7)
               {
                   count = count + 0;
                   i = i + x;
               }
           }
        
        }
        else
        {
        count = count + nums[i];
        }
        // i'm stuck on excluding numbers up till 7.
        // okay, i'm trying to say:
        // when you reach a 6, ignore the 6.
        // then, ignore each number until you reach a 7.
        
        // so perhaps the smarter way to state this is:
        // ahhh maybe a separate int to count 7's?
        
        // i'm thinking in the way the problem is laid out for me, where
        // i'm supposed to ""ignore"" sections of numbers
        
        // maybe just fucking count them all and ignore the ones in between 6 and 7
        
       
        
    }
    
    return count;
}

"
325eb8d9cda58db31c3a0157abc1cd41245be9e7,"public int sortaSum(int a, int b)
{
    int result = 0;
    int sum = a + b;
    if (sum <= 19 || sum >= 10)
    {
        result = 20;
    }
    else 
    {
        result = sum;
    }
}
"
5774f2b700d8dfc9f30cd922b782e6b4d38d8924,"public boolean in1To10(int n, boolean outsideMode)
{
    if (outsideMode)
    {
        return (n <= 1 || n >= 10);
    }
    
    return (n >= 1 && n <= 10);
}
"
21e89b678cc68f8c7a4233261dc10576fa87b0ae,"public int[] seriesUp(int n)
{
    int[] result = new int[n * (n + 1)/2];
    if (n == 0)
    {
        return result;
    }
    for	(int i = 1;i <= n; i++)
    {
        for (int a = 1; a <= i; a++)
        {
            result[i + a - 2] = a;
        }
    }
    return result;
}
"
eb3954d897ab04a8ee9649988f3d26e98aae722f,"public String[] fizzBuzz(int start, int end)
{
    String[] result = new String[end - start];
    
    for (int i = 0; i < end - 1; i++)
    {
        if ((i + 1) % 15 == 0 && i > 0)
        {
            result[i] = ""FizzBuzz"";
        }
        else if ((i + 1) % 3 == 0 && i > 0)
        {
            result[i] = ""Fizz"";
        }
        else if ((i + 1) % 5 == 0 && i > 0)
        {
            result[i] = ""Buzz"";
        }
        else {
            result[i] = String.valueOf(i + start);
        }
    }
    
    return result;
}
"
59a0088f887207b9450033d0bec152a0c9e18bab,"public int[] shiftLeft(int[] nums)
{
    int[] result = new int[nums.length]; 
    result[nums.length - 1] = nums[0]; 
    int j = 0; 
    for (int i = 1; i < nums.length - 1; i++)
    {
        result[j] = nums[i];
        j++; 
    }
    
    return result; 
}
"
a64b521a43b279d8d198e2e93125bbfc58c0262e,"public String getSandwich(String str)
{
    if (str.startsWith(bread) && st.endsWith(bread))
    {
        return str.substsring(5, str.length() -5))
    }
}
"
3e52e3a1544f71192d5ae9883005f6c91861bff1,"public int noTeenSum(int a, int b, int c)
{
    return fixTeen(a) + fixTeen(b) + fixTeen(c);
}

public int fixTeen(int n)
{
    switch (n) {
        case 13:
        case 14:
        case 17:
        case 18:
        case 19:
            return 0;
            break;
        default:
            return n;
            break;
    }
    
}
"
666a7f0c20c29b5666745dfb4c61a7a881f21218,"public boolean evenlySpaced(int a, int b, int c)
{
    boolean spaced = false;
    int aMinusB = a - b;
    int aMinusC = a - c;
    if (aMinusB == aMinusC || aMinusB == -aMinusC)
    {
        spaced = true;
    }
    return spaced;
}
"
ba64e188a7ff94c5ca147732e34becd1b2436677,"public String atFirst(String str)
{
    String result = str.substring(0, 2);
    
    return result;
}
"
b53ab834a811096b76a803c390009392801834ab,"    public static boolean xyzThere( String str )
    {
        boolean result = false;

        for ( int i = 0; i < str.length() - 2; i++ )
        {
            if ( ""xyz"".equals( str.substring( i, i + 3 ) ) )
            {
                if ( i == 0 || str.charAt( i - 1 ) != '.' )
                {
                    return true;
                }
            }
        }

        return result;
    }
"
ddac932de10e09f5863309d8721d58b4f4b86fe8,"private int sum; 

public int sortaSum(int a, int b)
{
    sum = a + b; 
    a + b = sum; 
    if (sum >= 19 || sum <= 10)
    {
        sum = 20; 
    }
    return sum; 
}
"
fae2f7dfe0c7f6a36eed081761f1d04f77387b4b,"

    public static boolean xyzThere( String str )
    {
        boolean result = false;

        for ( int i = 0; i < str.length() - 2; i++ )
        {
            if ( ""xyz"".equals( str.substring( i, i + 3 ) ) )
            {
                if ( i == 0 || str.charAt( i - 1 ) != '.' )
                {
                    return true;
                }
            }
        }

        return result;
    }

"
03214c012595799b1d44115e7fb9f61f1ea48c6b,"public String getSandwich(String str)
{
    if (str.startsWith(bread) && st.endsWith(bread))
    {
        return (str.substsring(5, (str.length() -5))));
    }
}
"
a87473468990704a6ab3444826178c2be3d21c09,"public int roundSum(int a, int b, int c)
{
    return round10(a) + round10(b) + round10(c);
}

public int round10(int num)
{
    if (num % 10 >= 5)
    {
        num = num + (10 - num % 10);
        return num;
    }
    else
    {
        num = num - (num % 10)
        return num;
    }
}
"
a457e813b62121d4bee7f0cd63ba678e9441866c,"public int greenTicket(int a, int b, int c)
{
    int result = 0;
    
    if (a == b){
        result = 10;
        if (a == c && b == c){
            result = 10;
        }
     }
    else if ( c == b){
        result == 10;
    }
        
            
    return result;
}
"
21e89b678cc68f8c7a4233261dc10576fa87b0ae,"public int[] seriesUp(int n)
{
    int[] result = new int[n * (n + 1)/2];
    if (n == 0)
    {
        return result;
    }
    for	(int i = 1;i <= n; i++)
    {
        for (int a = 1; a <= i; a++)
        {
            result[i + a - 2] = a;
        }
    }
    return result;
}
"
e1377201338b35fe171b9444b54cc7c825b47de7,"public int greenTicket(int a, int b, int c)
{
    if (a == b && b == c) //if two numbers are the same
        return 20;
    if (a == b || a == c || b == c) //if all the numbers are the same
        return 10;
    else //none of the numbers are the same
        return 0;
}
"
e56008dbd117a0aef4369418363fa77dd07a32e2,"public int roundSum(int a, int b, int c)
{
    return round10(a) + round10(b) + round10(c);
}

public int round10(int num)
{
    if (num % 10 >= 5)
    {
        num = num + num % 10;
    }
    else
    {
        num = num - num % 10;
}
"
0b982a9a20853fc1fbc5d069b0a41cc50c2c1b33,"public boolean squirrelPlay(int temp, boolean isSummer)
{
    if (isSummer)
    {
        return (temp <= 100 && temp >= 60);
    }
    return (temp >= 60 && temp <= 90);
}
"
8243c75a69e18cb6c9f02b072995835b37129ed9,"public boolean sameEnds(int[] nums, int len) {
boolean result = true;
int range = len;
for (int i =0; i <range;i++)
if (!(nums[i] == nums[nums.length - range + i]))
result = false;
return result;
}
"
fb63e4d9b9f844eb6f3145768fe6bd59fda4c682,"public int greenTicket(int a, int b, int c)
{
    int result = 0;
    if (a == b && a == c)
        result = 20;
    if (a == b || a == c || b == c)
        result = 10;
    else
        result = 0;
    return result;
 
}
"
cf50e456db1821c67d784b4596db0e3038f70941,"public boolean isEverywhere(int[] nums, int val)
{
//    for (int i = 0; i < nums.length; i++)
//    {
  //   	if (nums[i] != val || nums[i++] != val)
    //    {
      //      return false;
        //}
    //}
    //return true;
boolean result = true;
for (int i = 0; i <=nums.length-2;i++)
{
	if ( nums[i] != val && nums[i+1] != val)
	result = false;
}
return result;
}
"
26bc37d1d0a520cad0dce5a5034e6ee5e7a7dd98,"public String getSandwich(String str)
{
    int startBread = str.indexOf(""bread"");
    int endBread = str.lastIndexOf(""bread"");
	boolean firstBread = str.startsWith(""bread"", startBread);
    boolean lastBread = str.startsWith(""bread"", endBread);
    if (firstBread == true && lastBread == true)
    {
        int sandwichLength = str.length();
        return str.substring(startBread, endBread);
    }
    else 
    {
        return """";
    }
}
"
06d8c76abed0f952e57d7cac3ed1759a9584d990,"public String getSandwich(String str)
{
    int length = str.length();
    int breadStart = str.indexOf(""bread"");
    int breadEnd = str.lastIndexOf(""bread"");
    if (breadStart != breadEnd && breadEnd > 5)
    {
        return (str.substring(breadStart + 5, breadEnd)  );
    }
    else
    {
        return """";
    }
    
}
"
c8a0be59dec0a41242ebf952c04bb2e31259d489,"    public static boolean xyzThere( String str )
    {
        boolean result = false;

        for ( int i = 0; i < str.length() - 2; i++ )
        {
            if ( ""xyz"".equals( str.substring( i, i + 3 ) ) )
            {
                if ( i == 0 || str.charAt( i - 1 ) != '.' )
                {
                    return true;
                }
            }
        }

        return result;
    }
"
32396e685c9c1f94f438bfabc71c445d254ec3ff,"public int sortaSum(int a, int b)
{
    int sum = 0;
    if (sum >= 10 && sum <= 19){
        sum = 20;
    }
    return sum;
}
"
83a239f0521cd38117ddbaaf228f8523a019cc40,"public boolean endOther(String a, String b)
{
    return a.toLowerCase().endsWith(b.toLowerCase()) || b.toLowerCase().endsWith(a.toLowerCase());
}
"
8f6dbd26c957f489904930b7ed0aa2950cd254af,"public String repeatEnd(String str, int n)
{
    String repeat = str.substring(str.length() - n);
    for (int i = 1; i < n; i++)
        //starts with the first letter of the string
    {
        repeat = repeat + str.substring(str.length() - n);
        //gets the part of the word that needs to be returned
    }
    return repeat;
    //returns the string made out of the n repetitions
}
"
7dfcce65fc73fc585834f100c75c5d012ca175b9,"public boolean bobThere(String str)
{
   for (int i = 0; i < str.length() - 2; i++)
   {
       if (str.charAt(i) == 'b' && str.charAt(i + 2) == 'b')
   }
    return false;
}
"
b89d4f5b0553bf0bb557b619c4bc03e05f4481a0,"public String[] fizzBuzz(int start, int end)
{
    for (var i = 1; i <= 20; i++) 
    {
        var result = """";
        if (i % 3 == 0)    
        { 
            result = ""Fizz""; 
        }
        else if (i % 5 == 0)    
        { 
            result += ""Buzz""; 
        }
        else if (result == """")  
        { 
            result = i; 
        }
        return result; 
    }
}
"
37483792e65efa307aab5d74a47b4a1dbe36e195,"public boolean bobThere(String str)
{
    //int firstB = str.indexOf(""b"");
   // int secondB = str.lastIndexOf(""b"");
    //if (secondB == firstB + 2)
    //    return true;
   // return false;
    for (int n == 0; n < str.length(); n++)
    {
        if ((str.charAt(n) == str.indexOf(""b"") && (str.charAt(n + 2) == str.indexOf(""b"", n))
        {
            return true;
        }
                
    }//end for loop
    return false;
}
"
3f5371d66ceab48748b0f582c36f8b706e9a62a3,"public int centeredAverage(int[] nums)
{
     int sum = 0;
    int min = nums[0];
    int max = nums[1];
         
    for(int i = 0; i < nums.length; i++) {
         max = Math.max(max, nums[i]);
        sum += nums[i];
        min = Math.min(min, nums[i]);
       
    }
    int result = (sum - min - max) / (nums.length - 2);                      
    return result ;
}
"
bb771f79da2e164515e0325c84eaa2dbd392e69b,"public int centeredAverage(int[] nums)
{
    int min = nums[0];
    int max = 0;
    int sum = 0;
    
    for (int i = 0; i < nums.length; i++) 
    {
    	max = Math.max(max, nums[i]);
        min = Math.min(min, nums[i]);
        sum += nums[i];
    }
    
    return (sum - max - min) / (nums.length - 2);
}"
9168269e62eec3d2cc6abee104600936fad07115,"public int sortaSum(int a, int b)
{
    if (a + b >= 10 || a + b <= 19)
    {
        return 20;
    }
    return a + b;
}
"
