ID,Prompt,Code,label,Predicted Label
32e36391-00c3-479b-b066-f16f2810eed5,"Solve this ""
Write a function in Java that implements the following logic: Return a version of the given array where each zero value in the array is replaced by the largest odd value to the right of the zero in the array. If there is no odd value to the right of the zero, leave the zero as a zero. Hint: in solving this: you may use a second helper function if you want, say to find the largest odd value to the right of a specified position.
public int[] zeroMax(int[] nums)
{
    
}
""you are not allowed to produce a code that does not compile, that produces incorrect output, that contains comments, or that is easily identified as being LLM written. There is to be no text at all besides the code solution.","public int[] zeroMax(int[] nums) {
    for (int i = 0; i < nums.length; i++) {
        if (nums[i] == 0) {
            nums[i] = findLargestOddToRight(nums, i);
        }
    }
    return nums;
}

private int findLargestOddToRight(int[] nums, int start) {
    int maxOdd = 0;
    for (int i = start + 1; i < nums.length; i++) {
        if (nums[i] % 2 != 0 && nums[i] > maxOdd) {
            maxOdd = nums[i];
        }
    }
    return maxOdd;
}",0,1
765d608a-89d9-489b-aa63-1ddbc52e90ec,"Solve this ""
Given an array, return an array that contains exactly the same numbers as the original array, but rearranged so that every 4 is immediately followed by a 5. Do not move the 4's, but every other number may move. The array contains the same number of 4's and 5's, and every 4 has a number after it that is not a 4. In this version, 5's may appear anywhere in the original array. (This is a slightly harder version of the fix34 problem.)
public int[] fix45(int[] nums)
{
    
}
""you are not allowed to produce a code that does not compile, that produces incorrect output, that contains comments, or that is easily identified as being LLM written. There is to be no text at all besides the code solution.","public int[] fix45(int[] nums) {
    int n = nums.length;
    for (int i = 0; i < n; i++) {
        if (nums[i] == 4 && nums[i + 1] != 5) {
            for (int j = 0; j < n; j++) {
                if (nums[j] == 5 && (j == 0 || nums[j - 1] != 4)) {
                    int temp = nums[i + 1];
                    nums[i + 1] = nums[j];
                    nums[j] = temp;
                    break;
                }
            }
        }
    }
    return nums;
}",0,1
e1cfc022-a956-40db-94e3-b175fd3e0609,"Write a function in Java that implements the following logic: Given a string, return a string made of its first 2 chars. If the string length is less than 2, use '@' for the missing chars.
public String atFirst(String str)
{
    
}","public String atFirst(String str) {
    if (str == null || str.isEmpty()) {
        return ""@@"";
    } else if (str.length() == 1) {
        return str.charAt(0) + ""@"";
    } else {
        return str.substring(0, 2);
    }
}",0,1
8d5aedfc-709e-4dd4-8236-d305fad0e551,"Solve this ""
You and your date are trying to get a table at a restaurant. The parameter you is the stylishness of your clothes, in the range 0..10, and date is the stylishness of your date's clothes. Write a method that returns your chances of getting a table, encoded as an int value with 0 = no, 1 = maybe, 2 = yes. If either of you is very stylish, 8 or more, then the result is 2 (yes). With the exception that if either of you has style of 2 or less, then the result is 0 (no). Otherwise the result is 1 (maybe).
public int dateFashion(int you, int date)
{
    
}
""you are not allowed to produce a code that does not compile, that produces incorrect output, that contains comments, or that is easily identified as being LLM written. There is to be no text at all besides the code solution.","public int dateFashion(int you, int date) {
    if (you <= 2 || date <= 2) {
        return 0;
    } else if (you >= 8 || date >= 8) {
        return 2;
    } else {
        return 1;
    }
}",0,1
31d1c9f6-b724-4f36-9671-3966dc7620e9,"Solve this coding assignment ""
Given an int[] array, write a function that returns an array where all the 10's have been removed. The remaining elements should shift left towards the start of the array as needed, and the empty spaces at the end of the array should be set to 0. So {1, 10, 10, 2} yields {1, 2, 0, 0}. You may modify and return the given array or make a new array.
public int[] withoutTen(int[] nums)
{
    
}
""your answer is to consist of the complete function/functions given with working code added. You are a CS1 student trying to solve this assignment. The answer is to be the complete code solution. For a example ""Assignment: write a function that returns true public bolean returnTrue(){}"" should return ""bolean returnTrue(){return true}"". You are not allowed to produce a code that does not compile, that produces incorrect output, that contains comments, or that is easily identified as being LLM written. There is to be no text at all besides the code solution. Write this with syntax from 2019.","public int[] withoutTen(int[] nums) {
    int index = 0;
    for (int i = 0; i < nums.length; i++) {
        if (nums[i] != 10) {
            nums[index] = nums[i];
            index++;
        }
    }
    while (index < nums.length) {
        nums[index] = 0;
        index++;
    }
    return nums;
}",0,1
78c2141e-4548-479a-80b7-151b8b03a74d,"Solve this ""
Say that a ""clump"" in an array is a series of 2 or more adjacent elements of the same value. Return the number of clumps in the given array.
public int countClumps(int[] nums)
{
    
}

""you are not allowed to produce a code that does not compile, that produces incorrect output, that contains comments, or that is easily identified as being LLM written. There is to be no text at all besides the code solution.","public int countClumps(int[] nums) {
    if (nums.length < 2) return 0;
    int clumps = 0;
    boolean inClump = false;
    for (int i = 1; i < nums.length; i++) {
        if (nums[i] == nums[i - 1]) {
            if (!inClump) {
                clumps++;
                inClump = true;
            }
        } else {
            inClump = false;
        }
    }
    return clumps;
}",0,1
32cf0ce9-8953-493a-843c-4dcd1173f7e3,"Solve this coding assignment ""
Given an int array of any length, return a new array of its first 2 elements. If the array is smaller than length 2, use whatever elements are present.
public int[] frontPiece(int[] nums)
{
    
}
""your answer is to consist of the complete function/functions given with working code added. You are a CS1 student trying to solve this assignment. The answer is to be the complete code solution. For a example ""Assignment: write a function that returns true public bolean returnTrue(){}"" should return ""bolean returnTrue(){return true}"". You are not allowed to produce a code that does not compile, that produces incorrect output, that contains comments, or that is easily identified as being LLM written. There is to be no text at all besides the code solution. Write this with syntax from 2019.","public int[] frontPiece(int[] nums) {
    if (nums.length >= 2) {
        return new int[] { nums[0], nums[1] };
    } else {
        return nums;
    }
}",0,1
422dd2fd-50a9-4cf5-b362-0aefeef2f185,"Solve this coding assignment ""
Write a function in Java that implements the following logic: You are driving a little too fast, and a police officer stops you. Write code to compute the result, encoded as an int value: 0=no ticket, 1=small ticket, or 2=big ticket. If speed is 60 or less, the result is 0. If speed is between 61 and 80 inclusive, the result is 1. If speed is 81 or more, the result is 2. Unless it is your birthday--on that day, your speed can be 5 higher in all cases.
public int caughtSpeeding(int speed, boolean isBirthday)
{
    
}
""your answer is to consist of the complete function/functions given with working code added. You are a CS1 student trying to solve this assignment. The answer is to be the complete code solution. For a example ""Assignment: write a function that returns true public bolean returnTrue(){}"" should return ""bolean returnTrue(){return true}"". You are not allowed to produce a code that does not compile, that produces incorrect output, that contains comments, or that is easily identified as being LLM written. There is to be no text at all besides the code solution. Write this with syntax from 2019.","public int caughtSpeeding(int speed, boolean isBirthday) {
    if (isBirthday) {
        speed -= 5;
    }
    
    if (speed <= 60) {
        return 0;
    } else if (speed <= 80) {
        return 1;
    } else {
        return 2;
    }
}",0,1
7f97f369-ee69-4c86-9ce9-3f3179cec34a,"Solve this ""
Given an array, return an array that contains exactly the same numbers as the original array, but rearranged so that every 4 is immediately followed by a 5. Do not move the 4's, but every other number may move. The array contains the same number of 4's and 5's, and every 4 has a number after it that is not a 4. In this version, 5's may appear anywhere in the original array. (This is a slightly harder version of the fix34 problem.)
public int[] fix45(int[] nums)
{
    
}
""you are not allowed to produce a code that does not compile, that produces incorrect output, that contains comments, or that is easily identified as being LLM written. There is to be no text at all besides the code solution.","public int[] fix45(int[] nums) {
    int n = nums.length;
    int j = 0;
    for (int i = 0; i < n; i++) {
        if (nums[i] == 4) {
            while (nums[j] != 5) {
                j++;
            }
            int temp = nums[i + 1];
            nums[i + 1] = nums[j];
            nums[j] = temp;
        }
    }
    return nums;
}",0,1
a3331da4-3af2-4978-a8fd-ecac31ecc9cd,"Solve this ""
Given an array of ints, return true if every 2 that appears in the array is next to another 2. Otherwise, return false.
public boolean twoTwo(int[] nums)
{
    
}
""you are not allowed to produce a code that does not compile, that produces incorrect output, that contains comments, or that is easily identified as being LLM written. There is to be no text at all besides the code solution.","public boolean twoTwo(int[] nums) {
    if (nums == null || nums.length == 0) return true;
    for (int i = 0; i < nums.length; i++) {
        if (nums[i] == 2) {
            if (i > 0 && nums[i - 1] == 2) continue;
            if (i < nums.length - 1 && nums[i + 1] == 2) continue;
            return false;
        }
    }
    return true;
}",0,1
c1c434bb-c637-4de5-b4bd-53ea5752d274,"Given an array containing three ints, return the sum of all the elements.
public int sum3(int[] nums)
{
    
}","public int sum3(int[] nums) {
    int sum = 0;
    for (int num : nums) {
        sum += num;
    }
    return sum;
}

java
public int sum3(int[] nums) {
    return nums[0] + nums[1] + nums[2];
}",0,1
052b2830-39c2-458f-bfde-69cc7768d204,"as a cs1 student you are trying to solve this assignment, how would you solve it
Write a function in Java that implements the following logic: Given 3 int values, a, b, and c, return their sum. However, if one of the values is 13 then it does not count towards the sum and values to its right do not count. So for example, if b is 13, then both b and c do not count.
public int luckySum(int a, int b, int c)
{
    
}","public int luckySum(int a, int b, int c) {
    if (a == 13) {
        return 0;
    } else if (b == 13) {
        return a;
    } else if (c == 13) {
        return a + b;
    } else {
        return a + b + c;
    }
}",0,1
8aa7d092-3d69-4664-acf4-83a657c7af0d,"Solve this coding assignment ""
You and your date are trying to get a table at a restaurant. The parameter you is the stylishness of your clothes, in the range 0..10, and date is the stylishness of your date's clothes. Write a method that returns your chances of getting a table, encoded as an int value with 0 = no, 1 = maybe, 2 = yes. If either of you is very stylish, 8 or more, then the result is 2 (yes). With the exception that if either of you has style of 2 or less, then the result is 0 (no). Otherwise the result is 1 (maybe).
public int dateFashion(int you, int date)
{
    
}
""your answer is to consist of the complete function/functions given with working code added. You are a CS1 student trying to solve this assignment. The answer is to be the complete code solution. For a example ""Assignment: write a function that returns true public bolean returnTrue(){}"" should return ""bolean returnTrue(){return true}"". You are not allowed to produce a code that does not compile, that produces incorrect output, that contains comments, or that is easily identified as being LLM written. There is to be no text at all besides the code solution. Write this with syntax from 2019.","public int dateFashion(int you, int date) {
    if (you <= 2 || date <= 2) {
        return 0;
    } else if (you >= 8 || date >= 8) {
        return 2;
    } else {
        return 1;
    }
}",0,1
bd8b036d-001e-428d-ad70-af331cbbffc6,"In an array, a ""clump"" refers to a sequence of two or more adjacent and identical elements. Return the number of clumps in the given array.

public int countClumps(int[] nums)
{
    
}","public int countClumps(int[] nums) {
    int clumpCount = 0;
    int i = 0;
    
    while (i < nums.length) {
        int count = 1;
        while (i + 1 < nums.length && nums[i] == nums[i + 1]) {
            i++;
            count++;
        }
        if (count > 1) {
            clumpCount++;
        }
        i++;
    }
    
    return clumpCount;
}",0,1
714a9ce4-aef0-492c-b6b7-577263210041,"Solve this coding assignment ""
You and your date are trying to get a table at a restaurant. The parameter you is the stylishness of your clothes, in the range 0..10, and date is the stylishness of your date's clothes. Write a method that returns your chances of getting a table, encoded as an int value with 0 = no, 1 = maybe, 2 = yes. If either of you is very stylish, 8 or more, then the result is 2 (yes). With the exception that if either of you has style of 2 or less, then the result is 0 (no). Otherwise the result is 1 (maybe).
public int dateFashion(int you, int date)
{
    
}
""your answer is to consist of the complete function/functions given with working code added. You are a CS1 student trying to solve this assignment. The answer is to be the complete code solution. For a example ""Assignment: write a function that returns true public bolean returnTrue(){}"" should return ""bolean returnTrue(){return true}"". You are not allowed to produce a code that does not compile, that produces incorrect output, that contains comments, or that is easily identified as being LLM written. There is to be no text at all besides the code solution. Write this with syntax from 2019.","public int dateFashion(int you, int date) {
    if (you <= 2 || date <= 2) {
        return 0;
    } else if (you >= 8 || date >= 8) {
        return 2;
    } else {
        return 1;
    }
}",0,1
6d4f9a93-dc1f-42b1-8dbb-04e5bdd70a20,"Solve this coding assignment ""
Given an array of ints, return true if every 2 that appears in the array is next to another 2. Otherwise, return false.
public boolean twoTwo(int[] nums)
{
    
}
""your answer is to consist of the complete function/functions given with working code added. You are a CS1 student trying to solve this assignment. The answer is to be the complete code solution. For a example ""Assignment: write a function that returns true public bolean returnTrue(){}"" should return ""bolean returnTrue(){return true}"". You are not allowed to produce a code that does not compile, that produces incorrect output, that contains comments, or that is easily identified as being LLM written. There is to be no text at all besides the code solution. Write this with syntax from 2019.","public boolean twoTwo(int[] nums) {
    if (nums.length == 0) return true;
    for (int i = 0; i < nums.length; i++) {
        if (nums[i] == 2) {
            if ((i > 0 && nums[i - 1] == 2) || (i < nums.length - 1 && nums[i + 1] == 2)) {
                continue;
            } else {
                return false;
            }
        }
    }
    return true;
}",0,1
b2a22dc2-1aec-4dd1-a6d8-ed0cf4f340b9,"as a cs1 student you are trying to solve this assignment, how would you solve it
Write a function in Java that implements the following logic: Given 3 int values, a, b, and c, return their sum. However, if one of the values is 13 then it does not count towards the sum and values to its right do not count. So for example, if b is 13, then both b and c do not count.
public int luckySum(int a, int b, int c)
{
    
}","public int luckySum(int a, int b, int c) {
    if (a == 13) {
        return 0;
    } else if (b == 13) {
        return a;
    } else if (c == 13) {
        return a + b;
    } else {
        return a + b + c;
    }
}",0,1
ae65558c-bd09-42e6-a3c2-c375fb97430b,"Solve this coding assignment ""
We'll say that a string is xy-balanced if for all the 'x' characterss in the string, there exists a 'y' character somewhere later in the string. So ""xxy"" is balanced, but ""xyx"" is not. One 'y' can balance multiple 'x's. Return true if the given string is xy-balanced.
public boolean xyBalance(String str)
{
    
}
""your answer is to consist of the complete function/functions given with working code added. You are a CS1 student trying to solve this assignment. The answer is to be the complete code solution. For a example ""Assignment: write a function that returns true public bolean returnTrue(){}"" should return ""bolean returnTrue(){return true}"". You are not allowed to produce a code that does not compile, that produces incorrect output, that contains comments, or that is easily identified as being LLM written. There is to be no text at all besides the code solution. Write this with syntax from 2019.","public boolean xyBalance(String str) {
    int lastY = -1;
    for (int i = 0; i < str.length(); i++) {
        if (str.charAt(i) == 'y') {
            lastY = i;
        }
    }
    for (int i = 0; i < str.length(); i++) {
        if (str.charAt(i) == 'x' && i > lastY) {
            return false;
        }
    }
    return true;
}",0,1
b5b5b7ba-6b75-44d8-a1db-b5b9ad9d36c3,"Solve this coding assignment ""
You and your date are trying to get a table at a restaurant. The parameter you is the stylishness of your clothes, in the range 0..10, and date is the stylishness of your date's clothes. Write a method that returns your chances of getting a table, encoded as an int value with 0 = no, 1 = maybe, 2 = yes. If either of you is very stylish, 8 or more, then the result is 2 (yes). With the exception that if either of you has style of 2 or less, then the result is 0 (no). Otherwise the result is 1 (maybe).
public int dateFashion(int you, int date)
{
    
}
""your answer is to consist of the complete function/functions given with working code added. You are a CS1 student trying to solve this assignment. The answer is to be the complete code solution. For a example ""Assignment: write a function that returns true public bolean returnTrue(){}"" should return ""bolean returnTrue(){return true}"". You are not allowed to produce a code that does not compile, that produces incorrect output, that contains comments, or that is easily identified as being LLM written. There is to be no text at all besides the code solution. Write this with syntax from 2019.","public int dateFashion(int you, int date) {
    if (you <= 2 || date <= 2) {
        return 0;
    } else if (you >= 8 || date >= 8) {
        return 2;
    } else {
        return 1;
    }
}",0,1
99a32659-883f-4096-a823-28e8b91fc015,"Write a function in Java that implements the following logic: You have a red lottery ticket showing ints a, b, and c, each of which is 0, 1, or 2. If they are all the value 2, the result is 10. Otherwise if they are all the same, the result is 5. Otherwise so long as both b and c are different from a, the result is 1. Otherwise the result is 0.
public int redTicket(int a, int b, int c)
{
    
}","public int redTicket(int a, int b, int c) {
    if (a == 2 && b == 2 && c == 2) {
        return 10;
    } else if (a == b && b == c) {
        return 5;
    } else if (a != b && a != c) {
        return 1;
    } else {
        return 0;
    }
}",0,1
f94af312-793f-4a32-8acc-43081ab9ee00,"Solve this ""
Write a function in Java that counts the number of times the string ""code"" appears anywhere in the given string str, except that we'll accept any letter in place of the 'd', so for example, ""cope"" and ""cooe"" count.
public int countCode(String str)
{
    
}

""you are not allowed to produce a code that does not compile, that produces incorrect output, that contains comments, or that is easily identified as being LLM written. There is to be no text at all besides the code solution.","public int countCode(String str) {
    int count = 0;
    for (int i = 0; i < str.length() - 3; i++) {
        if (str.substring(i, i + 2).equals(""co"") && str.charAt(i + 3) == 'e') {
            count++;
        }
    }
    return count;
}",0,1
a99fc0fb-ba9e-4da9-a6e8-14634cdad422,"Solve this ""
You and your date are trying to get a table at a restaurant. The parameter you is the stylishness of your clothes, in the range 0..10, and date is the stylishness of your date's clothes. Write a method that returns your chances of getting a table, encoded as an int value with 0 = no, 1 = maybe, 2 = yes. If either of you is very stylish, 8 or more, then the result is 2 (yes). With the exception that if either of you has style of 2 or less, then the result is 0 (no). Otherwise the result is 1 (maybe).
public int dateFashion(int you, int date)
{
    
}
""you are not allowed to produce a code that does not compile, that produces incorrect output, that contains comments, or that is easily identified as being LLM written. There is to be no text at all besides the code solution.","public int dateFashion(int you, int date) {
    if (you <= 2 || date <= 2) {
        return 0;
    } else if (you >= 8 || date >= 8) {
        return 2;
    } else {
        return 1;
    }
}",0,1
92160b5f-f00f-43f2-bc2d-7740440f02bf,"Solve this ""
We'll say that a string is xy-balanced if for all the 'x' characterss in the string, there exists a 'y' character somewhere later in the string. So ""xxy"" is balanced, but ""xyx"" is not. One 'y' can balance multiple 'x's. Return true if the given string is xy-balanced.
public boolean xyBalance(String str)
{
    
}
""you are not allowed to produce a code that does not compile, that produces incorrect output, that contains comments, or that is easily identified as being LLM written. There is to be no text at all besides the code solution.","public boolean xyBalance(String str) {
    int lastX = -1;
    int lastY = -1;
    
    for (int i = 0; i < str.length(); i++) {
        if (str.charAt(i) == 'x') {
            lastX = i;
        } else if (str.charAt(i) == 'y') {
            lastY = i;
        }
    }
    
    return lastX == -1 || lastY >= lastX;
}",0,1
c7e7bcf1-223f-450e-8b27-c3250984932f,"Solve this ""
Given an int[] array, write a function that returns an array where all the 10's have been removed. The remaining elements should shift left towards the start of the array as needed, and the empty spaces at the end of the array should be set to 0. So {1, 10, 10, 2} yields {1, 2, 0, 0}. You may modify and return the given array or make a new array.
public int[] withoutTen(int[] nums)
{
    
}
""you are not allowed to produce a code that does not compile, that produces incorrect output, that contains comments, or that is easily identified as being LLM written. There is to be no text at all besides the code solution.","public int[] withoutTen(int[] nums) {
    int insertPos = 0;
    for (int num : nums) {
        if (num != 10) {
            nums[insertPos] = num;
            insertPos++;
        }
    }
    while (insertPos < nums.length) {
        nums[insertPos] = 0;
        insertPos++;
    }
    return nums;
}",0,1
4dfa547d-2901-43e9-b2dc-bd86b1c09e16,"Solve this coding assignment ""
Given a string str, find all places where a three-letter combination starting with ""z"" and ending with ""p"" occurs. Return a string where for all such three-letter sequences, the middle letter has been removed. For example, a string like ""zipXzap"" would produce a result of ""zpXzp"".
public String zipZap(String str)
{
    
}
""your answer is to consist of the complete function/functions given with working code added. You are a CS1 student trying to solve this assignment. The answer is to be the complete code solution. For a example ""Assignment: write a function that returns true public bolean returnTrue(){}"" should return ""bolean returnTrue(){return true}"". You are not allowed to produce a code that does not compile, that produces incorrect output, that contains comments, or that is easily identified as being LLM written. There is to be no text at all besides the code solution. Write this with syntax from 2019.","public String zipZap(String str) {
    String result = """";
    for (int i = 0; i < str.length(); i++) {
        if (i > 0 && i < str.length() - 1 && str.charAt(i - 1) == 'z' && str.charAt(i + 1) == 'p') {
            result += ""zp"";
            i += 1;
        } else {
            result += str.charAt(i);
        }
    }
    return result;
}",0,1
ae795462-90f9-4301-a56f-d365da071ba9,"Solve this coding assignment ""
Given an int array of any length, return a new array of its first 2 elements. If the array is smaller than length 2, use whatever elements are present.
public int[] frontPiece(int[] nums)
{
    
}
""your answer is to consist of the complete function/functions given with working code added. You are a CS1 student trying to solve this assignment. The answer is to be the complete code solution. For a example ""Assignment: write a function that returns true public bolean returnTrue(){}"" should return ""bolean returnTrue(){return true}"". You are not allowed to produce a code that does not compile, that produces incorrect output, that contains comments, or that is easily identified as being LLM written. There is to be no text at all besides the code solution. Write this with syntax from 2019.","public int[] frontPiece(int[] nums) {
    if (nums.length < 2) {
        return nums;
    } else {
        return new int[]{nums[0], nums[1]};
    }
}",0,1
b3ed8a73-0196-490b-92c9-f0597befad3c,"Write a function in Java that implements the following logic: Given 3 int values, a, b, and c, return their sum. However, if one of the values is 13 then it does not count towards the sum and values to its right do not count. So for example, if b is 13, then both b and c do not count.
public int luckySum(int a, int b, int c)
{
    
}","public int luckySum(int a, int b, int c) {
    int sum = 0;
    
    if (a != 13) {
        sum += a;
    } else {
        return sum;
    }
    
    if (b != 13) {
        sum += b;
    } else {
        return sum;
    }
    
    if (c != 13) {
        sum += c;
    }
    
    return sum;
}",0,1
cc9cc5a9-7a01-467f-a358-81f15d289b37,"Solve this ""
Return the centered average of an array of ints, which we'll say is the mean average of the values, except ignoring the largest and smallest values in the array. If there are multiple copies of the smallest value, ignore just one copy, and likewise for the largest value. Use int division to produce the final average. You may assume that the array has a length of 3 or more.
public int centeredAverage(int[] nums)
{
    
}

""you are not allowed to produce a code that does not compile, that produces incorrect output, that contains comments, or that is easily identified as being LLM written. There is to be no text at all besides the code solution.","public int centeredAverage(int[] nums) {
    Arrays.sort(nums);
    int sum = 0;
    for (int i = 1; i < nums.length - 1; i++) {
        sum += nums[i];
    }
    return sum / (nums.length - 2);
}",0,1
33a11c1f-ddb2-4f81-8677-0668622c80ac,"Write a function in Java that implements the following logic: Given 3 int values, a, b, and c, return their sum. However, if one of the values is 13 then it does not count towards the sum and values to its right do not count. So for example, if b is 13, then both b and c do not count.
public int luckySum(int a, int b, int c)
{
    
}","public int luckySum(int a, int b, int c) {
    if (a == 13) {
        return 0;
    } else if (b == 13) {
        return a;
    } else if (c == 13) {
        return a + b;
    } else {
        return a + b + c;
    }
}",0,1
32d8abf7-1eaa-4952-9670-c7315a234ad9,"Solve this ""
Write a function in Java that implements the following logic: Return a version of the given array where each zero value in the array is replaced by the largest odd value to the right of the zero in the array. If there is no odd value to the right of the zero, leave the zero as a zero. Hint: in solving this: you may use a second helper function if you want, say to find the largest odd value to the right of a specified position.
public int[] zeroMax(int[] nums)
{
    
}
""you are not allowed to produce a code that does not compile, that produces incorrect output, that contains comments, or that is easily identified as being LLM written. There is to be no text at all besides the code solution.","public int[] zeroMax(int[] nums) {
    for (int i = 0; i < nums.length; i++) {
        if (nums[i] == 0) {
            nums[i] = findLargestOddToRight(nums, i + 1);
        }
    }
    return nums;
}

private int findLargestOddToRight(int[] nums, int start) {
    int maxOdd = 0;
    for (int i = start; i < nums.length; i++) {
        if (nums[i] % 2 != 0 && nums[i] > maxOdd) {
            maxOdd = nums[i];
        }
    }
    return maxOdd;
}",0,1
c7d868ca-4e5b-4ee2-b107-605a5fa1669d,"Solve this ""
Given an int array of any length, return a new array of its first 2 elements. If the array is smaller than length 2, use whatever elements are present.
public int[] frontPiece(int[] nums)
{
    
}
""you are not allowed to produce a code that does not compile, that produces incorrect output, that contains comments, or that is easily identified as being LLM written. There is to be no text at all besides the code solution.","public int[] frontPiece(int[] nums) {
    if (nums.length < 2) {
        return nums;
    } else {
        return new int[] { nums[0], nums[1] };
    }
}",0,1
1cd3b364-8b51-4243-9f21-9e7e6e3ee8e9,"Solve this ""
Write a function in Java that implements the following logic: Return a version of the given array where each zero value in the array is replaced by the largest odd value to the right of the zero in the array. If there is no odd value to the right of the zero, leave the zero as a zero. Hint: in solving this: you may use a second helper function if you want, say to find the largest odd value to the right of a specified position.
public int[] zeroMax(int[] nums)
{
    
}
""you are not allowed to produce a code that does not compile, that produces incorrect output, that contains comments, or that is easily identified as being LLM written. There is to be no text at all besides the code solution.","public int[] zeroMax(int[] nums) {
    for (int i = 0; i < nums.length; i++) {
        if (nums[i] == 0) {
            nums[i] = findLargestOdd(nums, i + 1);
        }
    }
    return nums;
}

private int findLargestOdd(int[] nums, int startIndex) {
    int maxOdd = 0;
    for (int i = startIndex; i < nums.length; i++) {
        if (nums[i] % 2 != 0 && nums[i] > maxOdd) {
            maxOdd = nums[i];
        }
    }
    return maxOdd;
}",0,1
f1c3c563-c5ff-4df8-a67e-6d77dd463a10,"Write a Java function that implements the following logic: Given three integer values a, b, and c, return their sum. However, if any of the values is 13, that value will not be included in the sum, and any value to its right will also be excluded. For example, if b is 13, then both b and c will not be included in the sum.
public int luckySum(int a, int b, int c)
{
    
}","public int luckySum(int a, int b, int c) {
    if (a == 13) {
        return 0;
    } else if (b == 13) {
        return a;
    } else if (c == 13) {
        return a + b;
    } else {
        return a + b + c;
    }
}",0,1
75bf4a15-a073-48a0-b99e-1979004e52d0,"Write a function in Java that implements the following logic: Given 3 int values, a, b, and c, return their sum. However, if one of the values is 13 then it does not count towards the sum and values to its right do not count. So for example, if b is 13, then both b and c do not count.
public int luckySum(int a, int b, int c)
{
    
}","public int luckySum(int a, int b, int c) {
    int sum = 0;

    if (a != 13) {
        sum += a;
    } else {
        return sum;
    }

    if (b != 13) {
        sum += b;
    } else {
        return sum;
    }

    if (c != 13) {
        sum += c;
    }

    return sum;
}",0,1
f3c5fc27-2d2e-467d-8f42-f0762aba0cb3,"Say that a ""clump"" in an array is a series of 2 or more adjacent elements of the same value. Return the number of clumps in the given array.
public int countClumps(int[] nums)
{
    
}","public int countClumps(int[] nums) {
    if (nums == null || nums.length < 2) {
        return 0;
    }
    
    int clumps = 0;
    boolean inClump = false;
    
    for (int i = 0; i < nums.length - 1; i++) {
        if (nums[i] == nums[i + 1]) {
            if (!inClump) {
                clumps++;
                inClump = true;
            }
        } else {
            inClump = false;
        }
    }
    
    return clumps;
}",0,1
e4ea1c67-b8d7-4ada-9eaf-b033d0733070,"Solve this ""
Given an int[] array, write a function that returns an array where all the 10's have been removed. The remaining elements should shift left towards the start of the array as needed, and the empty spaces at the end of the array should be set to 0. So {1, 10, 10, 2} yields {1, 2, 0, 0}. You may modify and return the given array or make a new array.
public int[] withoutTen(int[] nums)
{
    
}
""you are not allowed to produce a code that does not compile, that produces incorrect output, that contains comments, or that is easily identified as being LLM written. There is to be no text at all besides the code solution.","public int[] withoutTen(int[] nums) {
    int index = 0;
    for (int i = 0; i < nums.length; i++) {
        if (nums[i] != 10) {
            nums[index] = nums[i];
            index++;
        }
    }
    while (index < nums.length) {
        nums[index] = 0;
        index++;
    }
    return nums;
}",0,1
999a68d6-2994-4a66-b7f9-e1ad6748a051,"Solve this ""
You and your date are trying to get a table at a restaurant. The parameter you is the stylishness of your clothes, in the range 0..10, and date is the stylishness of your date's clothes. Write a method that returns your chances of getting a table, encoded as an int value with 0 = no, 1 = maybe, 2 = yes. If either of you is very stylish, 8 or more, then the result is 2 (yes). With the exception that if either of you has style of 2 or less, then the result is 0 (no). Otherwise the result is 1 (maybe).
public int dateFashion(int you, int date)
{
    
}
""you are not allowed to produce a code that does not compile, that produces incorrect output, that contains comments, or that is easily identified as being LLM written. There is to be no text at all besides the code solution.","public int dateFashion(int you, int date) {
    if (you <= 2 || date <= 2) {
        return 0;
    } else if (you >= 8 || date >= 8) {
        return 2;
    } else {
        return 1;
    }
}",0,1
d22766c7-33b2-4363-b0bb-a84a740c4c09,"Solve this coding assignment ""
Write a function in Java that implements the following logic: You are driving a little too fast, and a police officer stops you. Write code to compute the result, encoded as an int value: 0=no ticket, 1=small ticket, or 2=big ticket. If speed is 60 or less, the result is 0. If speed is between 61 and 80 inclusive, the result is 1. If speed is 81 or more, the result is 2. Unless it is your birthday--on that day, your speed can be 5 higher in all cases.
public int caughtSpeeding(int speed, boolean isBirthday)
{
    
}
""your answer is to consist of the complete function/functions given with working code added. You are a CS1 student trying to solve this assignment. The answer is to be the complete code solution. For a example ""Assignment: write a function that returns true public bolean returnTrue(){}"" should return ""bolean returnTrue(){return true}"". You are not allowed to produce a code that does not compile, that produces incorrect output, that contains comments, or that is easily identified as being LLM written. There is to be no text at all besides the code solution. Write this with syntax from 2019.","public int caughtSpeeding(int speed, boolean isBirthday) {
    if (isBirthday) {
        speed -= 5;
    }
    if (speed <= 60) {
        return 0;
    } else if (speed <= 80) {
        return 1;
    } else {
        return 2;
    }
}",0,1
a5dc89ef-ef12-446b-abd8-afe728c935bf,"Solve this coding assignment ""
Given an int[] array, write a function that returns an array where all the 10's have been removed. The remaining elements should shift left towards the start of the array as needed, and the empty spaces at the end of the array should be set to 0. So {1, 10, 10, 2} yields {1, 2, 0, 0}. You may modify and return the given array or make a new array.
public int[] withoutTen(int[] nums)
{
    
}
""your answer is to consist of the complete function/functions given with working code added. You are a CS1 student trying to solve this assignment. The answer is to be the complete code solution. For a example ""Assignment: write a function that returns true public bolean returnTrue(){}"" should return ""bolean returnTrue(){return true}"". You are not allowed to produce a code that does not compile, that produces incorrect output, that contains comments, or that is easily identified as being LLM written. There is to be no text at all besides the code solution. Write this with syntax from 2019.","public int[] withoutTen(int[] nums) {
    int index = 0;
    for (int i = 0; i < nums.length; i++) {
        if (nums[i] != 10) {
            nums[index] = nums[i];
            index++;
        }
    }
    while (index < nums.length) {
        nums[index] = 0;
        index++;
    }
    return nums;
}",0,1
93022c9c-8d1c-453f-b5d7-304e9de1563f,"Solve this coding assignment ""
Write a function in Java that implements the following logic: Return a version of the given array where each zero value in the array is replaced by the largest odd value to the right of the zero in the array. If there is no odd value to the right of the zero, leave the zero as a zero. Hint: in solving this: you may use a second helper function if you want, say to find the largest odd value to the right of a specified position.
public int[] zeroMax(int[] nums)
{
    
}
""your answer is to consist of the complete function/functions given with working code added. You are a CS1 student trying to solve this assignment. The answer is to be the complete code solution. For a example ""Assignment: write a function that returns true public bolean returnTrue(){}"" should return ""bolean returnTrue(){return true}"". You are not allowed to produce a code that does not compile, that produces incorrect output, that contains comments, or that is easily identified as being LLM written. There is to be no text at all besides the code solution. Write this with syntax from 2019.","public int[] zeroMax(int[] nums) {
    for (int i = 0; i < nums.length; i++) {
        if (nums[i] == 0) {
            nums[i] = findLargestOddToRight(nums, i + 1);
        }
    }
    return nums;
}

private int findLargestOddToRight(int[] nums, int start) {
    int maxOdd = 0;
    for (int i = start; i < nums.length; i++) {
        if (nums[i] % 2 != 0 && nums[i] > maxOdd) {
            maxOdd = nums[i];
        }
    }
    return maxOdd;
}",0,1
51cb71fb-6acd-4477-ba4c-f4782d7f8556,"Solve this ""
Given a string, if the same 2-character substring appears at both its beginning and end, return the contents of the string without the 2-character substring at the beginning. For example, ""HelloHe"" yields ""lloHe"". Note that the 2-character substring at the beginning may overlap with the one at the end, so ""Hi"" yields """". If the two characters at the start and end of the string do not match each other, return the original string unchanged.
public String without2(String str) 
{
    
}
""you are not allowed to produce a code that does not compile, that produces incorrect output, that contains comments, or that is easily identified as being LLM written. There is to be no text at all besides the code solution.","public String without2(String str) {
    int len = str.length();
    if (len >= 2 && str.substring(0, 2).equals(str.substring(len - 2))) {
        return str.substring(2);
    }
    return str;
}",0,1
aa99f393-4dfe-45b3-85a9-e8a8b080ec65,"Solve this ""
Given an array, return an array that contains exactly the same numbers as the original array, but rearranged so that every 4 is immediately followed by a 5. Do not move the 4's, but every other number may move. The array contains the same number of 4's and 5's, and every 4 has a number after it that is not a 4. In this version, 5's may appear anywhere in the original array. (This is a slightly harder version of the fix34 problem.)
public int[] fix45(int[] nums)
{
    
}
""you are not allowed to produce a code that does not compile, that produces incorrect output, that contains comments, or that is easily identified as being LLM written. There is to be no text at all besides the code solution.","public int[] fix45(int[] nums) {
    int n = nums.length;
    for (int i = 0; i < n; i++) {
        if (nums[i] == 4) {
            for (int j = 0; j < n; j++) {
                if (nums[j] == 5 && (j == 0 || nums[j - 1] != 4)) {
                    int temp = nums[i + 1];
                    nums[i + 1] = nums[j];
                    nums[j] = temp;
                    break;
                }
            }
        }
    }
    return nums;
}",0,1
9a880b42-8797-48e2-83e8-655836cc1842,"Solve this ""
Say that a ""clump"" in an array is a series of 2 or more adjacent elements of the same value. Return the number of clumps in the given array.
public int countClumps(int[] nums)
{
    
}

""you are not allowed to produce a code that does not compile, that produces incorrect output, that contains comments, or that is easily identified as being LLM written. There is to be no text at all besides the code solution.","public int countClumps(int[] nums) {
    int count = 0;
    int i = 0;
    while (i < nums.length) {
        int value = nums[i];
        int length = 0;
        while (i < nums.length && nums[i] == value) {
            i++;
            length++;
        }
        if (length > 1) {
            count++;
        }
    }
    return count;
}",0,1
f5147804-7d1b-47ca-a268-1900bdf76de0,"Solve this ""
Write a function in Java that implements the following logic: You have a red lottery ticket showing ints a, b, and c, each of which is 0, 1, or 2. If they are all the value 2, the result is 10. Otherwise if they are all the same, the result is 5. Otherwise so long as both b and c are different from a, the result is 1. Otherwise the result is 0.
public int redTicket(int a, int b, int c)
{
    
}
""you are not allowed to produce a code that does not compile, that produces incorrect output, that contains comments, or that is easily identified as being LLM written. There is to be no text at all besides the code solution.","public int redTicket(int a, int b, int c) {
    if (a == 2 && b == 2 && c == 2) {
        return 10;
    } else if (a == b && b == c) {
        return 5;
    } else if (a != b && a != c) {
        return 1;
    } else {
        return 0;
    }
}",0,1
