CodeStateID,Code,label,ID,Prompt,Predicted Label
9ba9d8618a99bf06f7c45d5ee796bf2c7bcc2325,"public boolean twoTwo(int[] nums)
{
    for (int i = 0; i < nums.length - 1; i++)
    {
        if (nums[i] == 2)
        {
            if (nums[i + 1] != 2)
            {
                return false;
            }
            i++;
        }
    }
    if (nums. length >= 2 && nums[nums.length - 2] != 2 && nums[nums.length - 1] == 2)
    {
        return false;
    }
    return true;
}
",1,,,0
0b982a9a20853fc1fbc5d069b0a41cc50c2c1b33,"public boolean squirrelPlay(int temp, boolean isSummer)
{
    if (isSummer)
    {
        return (temp <= 100 && temp >= 60);
    }
    return (temp >= 60 && temp <= 90);
}
",1,,,0
32dd475bccf4e5831dad196cf3cacee9c1fb317d,"public boolean xyzThere(String str)
{
    int length = str.length - 2;
    for (int i = 0; i < length; i++)
    {
        if (str.charAt(i) == 'x' && str.charAt(i + 1) == 'y'
            && str.charAt(i + 2) == 'z')
        {
            if (i == 0 || str.charAt(i - 1) != '.')
                {
                    return true;
                }
                    
        }
        return false;
            
    }
}
",1,,,0
42d14e5184e627d129da271f04fa829a5af3ffd1,"public String getSandwich(String str)
{
    int first = str.indexOf(""bread"");
    int last = str.lastIndexOf(""bread"");
    if ((first < last) && (first != -1) && (last != -1))
    {
        return str.subString(first + str.length(), last.str.length());
    }
    else
    {
        return """";
    }
}
",1,,,0
81751a12c5ec992c144276982e9c0355c20cd858,"public int greenTicket(int a, int b, int c)
{
    if ( a== b && b == c && a == c)
    {
        return 20;
    }
    
    else if (a == b || b == c || c == a)
    {
        return 10;
    }
    
    else
    {
        return 0;
    }
}
",1,,,0
da986520180a13a98bb67c061d43bd9c2686e469,"public String alarmClock(int day, boolean vacation)
{
    if (vacation) { 
        if (day == 0 || day == 6) {
            return ""off"";
        } else {
            return ""10:00"";
        }
    } else {
        if (day == 0 || day == 6) {
            return ""10:00"";
        } else {
            return ""7:00"";
        }
    }
}
",1,,,0
6a200d12723f9e254906a4c4d6061927e68dbe5d,"public int caughtSpeeding(int speed, boolean isBirthday)
{
	int value = 0; 
  
	if (isBirthday) {
    	speed += 5;
 	}
  	if ( speed <= 60 ) {
    	return 0;
  	}
  	if (speed >= 61 && speed <= 80) {
    	return 1;
  	}
  	if (speed >= 81) { 
    	return 2;
  	} 
  	return value;
}
",1,,,0
fbd4c23e76bef6c785eaeac729ab320635a7682b,"public int greenTicket(int a, int b, int c)
{
    if (a == b == c)
    {
        return 20;
    }
    else if ((a == b && a != c) || (a == c && a != b) || (b == c && a != b))
    {
        return 10;
    }
    else
    {
        return 0;
    }
}
",1,,,0
b219985082e6e029d2fce9beb0b422238c034c69,"public boolean xyzThere(String str)
{
    int index = str.indexOf(""xyz"");
    index = index - 1;
    str c = str.charAt(index);
    if (c.equals("".""))
    {
        return false;
    }
    else
    {
        return true;
    }
}
",1,,,0
00e965d53a2c068467dc780c163a1170b8d6a056,"public int countCode(String str)
{
    int count = 0;
    
    for (int i = 0; i < str.length() - 3; i++)
    {
        if (str.charAt(i) == 'c' && str.charAt(i + 1) == 'o' && str.charAt(i + 3) == 'e')
        {
            count++;
            i += 4;
        }
    }
    
    return count;
}
",1,,,0
892a5a3886a37110226513fe655b564b73fba9bb,"public int roundSum(int a, int b, int c)
{
    return round10(a) + round10(b) + round10(c);
}

public int round10(int num)
{
    int nm = num % 10;
    if (nm <= 5)
    {
        return num - 10 - nm;
    }
    else
    {
        return num + nm;
    }
}
",1,,,0
08fa5ac960d3ab8ef2af29ef9f42e5d116bda6bf,"public int sum3(int[] nums)
{
    int sum = 0;
    
    for (int number : nums)
    {
        sum = sum + number;
    }
     return sum;   
}
",1,,,0
3a5b1294ef5b59964830e8cf8f6219db0c34b7d8,"public int blackjack(int a, int b)
{
    double remainA;
    remainA = (a % 21); //NOTE: The '%' yields the remainder!!!!
    double remainB;
    remainB =  (b % 21);
    
    // IF the remainder is large for one number, IT IS FAR AWAY from 21.
    if (a > 21 && b > 21)
    {
        return 0;
    }
    else if (a < 21 || b < 21)
    {
        if (a < 21 && b > 21)
        {
            return a;
        }
        else
        {
            return b;
        }
    }
    else
    {
        if (remainA > remainB)
        {
            return b;
        }
        else
        {
            return a;
        }
    }
}",1,,,0
61f82d819ed02008ea7d45f70e7c86937eb58bc3,"public boolean twoTwo(int[] nums)
{
    for (int i = 0; i < nums.length; i++)
    {
        if (i == 0)
        {
            if (nums[0] == 2 && nums.length < 1)
            {
                return false;
            }
            else if (nums[0] == 2 && nums[1] != 2)
            {
                return false;
            }
        }
        else if (i == nums.length - 1)
        {
            if (nums[i] == 2 && nums[i - 1] != 2)
            {
                return false;
            }
        }
        else
        {
            if (nums[i] == 2)
            {
                if (nums[i - 1] == 2)
                {
                }
                else if (nums[i + 1] == 2)
                {
                }
                else
                {
                    return false;
                }
            }
        }
    }
    return true;
}
",1,,,0
154d022718c67ff47614b92ed9d4edbceef000ed,"public boolean canBalance(int[] nums)
{
    int front = nums[0];
    int tail = 0;
    int j =nums.length-1;
    int i =0;
         while(j>i)
          {
         	if( front <= tail)
    	 	{
        		front += nums[i];
                i++;
         	}
         	else
    		{
            	tail+=nums[j];
                j--;
        	}
   		 }
    return front==tail;
}
",1,,,0
a1c591b6f4179d5767faf1b93f8c25a4cec3a6ab,"public boolean love6(int a, int b)
{
	if(a == 6 || b == 6 || (a + b == 6) || (Math.abs(a - b) == 6) )
    {
        return true;
    }	
	return false;
}
",1,,,0
3f9ae7a55e4744f76136cc3c9f389c1976990cdf,"public int[] shiftLeft(int[] nums)
{
    int length = nums.length;
    int[] nums2 = new int[length];
    if ( length > 0 )
    {
    	nums2[length - 1] = nums[0];
    }
    for ( int i = 1; i < length; i++ )
    {
        nums2[i - 1] = nums[i];
    }
    return nums2;
}
",1,,,0
cdbd6769faf44b710f4b50d3f75878e7dff820b5,"public int sortaSum(int a, int b)
{
    if ((a + b) >= 10 || (a + b) <= 19)
    {
        return 20;
    }
    return ((a + b) < 10 || (a + b) > 19);
}
",1,,,0
170032b3df93df1f34814f661c635a524e790f57,"public int roundSum(int a, int b, int c)
{
    a.round10(a);
    b.round10(b);
    c.round10(c);
    int result = a + b + c;
    return result;
}

public int round10(int num)
{
    int numChecker = num % 10;
    
    if (numChecker > 0)
    {
        if (numChecker >= 5)
        {
            num = num + (10 - numChecker);
        }
        else
        {
            num = num - numChecker;
        }
    }
    return num;
}
",1,,,0
f8088bfd768d468c776f6b545c352390831fff5d,"public int sum67(int[] nums)
{
    boolean exclude = false;
    int sum=0;
    for(int i = 0; i<nums.length;i++){
		if(nums[i]==6)exclude = true;
        if(exclude==false){
            sum+=nums[i];
        }
        if(nums[i]==7)exclude = false;
    }
    return sum;
    
}
",1,,,0
dd09babe580586f1680177c5f9004d2f1f2011bf,"public boolean has77(int[] nums)
{
    for (int i = 0; i < nums.length - 1; i++)
    {
        if (nums[i] == 7 && nums[i + 1] == 7)
            return true;
        if (nums[i] < nums.length - 2 && nums[i] == 7 && nums[i + 2] == 7)
            return true;
    }
    return false;
}
",1,,,0
414ebd6686fcd084388021a1e851c521dccfe7e8,"public int[] frontPiece(int[] nums)
{
    int[] newArray = new int[2];
    if (nums.size() >= 2) {
    	newArray.add(nums[0]);
        newArray.add(nums[1]);
        return newArray;
    }
    return nums;
}
",1,,,0
10af8ae87e8d5fab568a4bc61c1cbcdf1cf7e4e3,"public boolean xyBalance(String str)
{
    boolean y = false;
    for(int i = 0; i < str.length() - 1; i++)
        {
       		if(str.charAt(i) == 'y')
            {
                y = true;
            }
        	if(str.charAt(i) == 'x' && !y)
            {
                return false;
            }
   		}
    return true;
}
",1,,,0
fcc04cd7897035b250cebd1cfd4f5927b0e3bcf1,"public boolean canBalance(int[] nums)
{
    int j =nums.length-2;
    int i =1;
    int front = nums[0];
    int tail = nums[j+1];    
         while(j>i)
          {
         	if( front < tail)
    	 	{
        		front += nums[i];
                i++;
         	}
         	else
    		{
            	tail+=nums[j];
                j--;
        	}
   		 }
    return front==tail;
}
",1,,,0
e56008dbd117a0aef4369418363fa77dd07a32e2,"public int roundSum(int a, int b, int c)
{
    return round10(a) + round10(b) + round10(c);
}

public int round10(int num)
{
    if (num % 10 >= 5)
    {
        num = num + num % 10;
    }
    else
    {
        num = num - num % 10;
}
",1,,,0
5f0de396365017b80185b81d0904cd472b4f28f8,"public int greenTicket(int a, int b, int c)
{
    if (a == b && b == c)
    {
        return 20;
    }
    else if ((a == b && b != c) || (a == c && a != b) || (b == c && b != a))
    {
       return 10;
    }
    else 
    {
        return 0;
    }
}
",1,,,0
60bfdea9c8f9dfd5dfc76b26abcaa887222776a0,"public int greenTicket(int a, int b, int c)
{
    if (a == b && b == c)
    {
    	return (20);
    }
    else if (a == b || b == c || a == c)
    {
    	return (10);
    }
    else
    {
    	return (0);
    }
}
",1,,,0
5f54893096774cc5a8845fbf75e5977035726d1a,"public boolean xyzThere(String str)
{
    int leg = str.length() - 2;
    for (int s; s < leg ; s++)
    {
        if (str.charAt(s) == 'x' && str.charAt(s + 1) == 'y' && str.charAt(s + 2) == 'z')
        {
            if ( s == 0 || str.charAt(s - 1) != '.')
                return true;
        }
    }
       return false;
}
",1,,,0
84daaaac2d5439ab5d79c9a7ff06a4072ff9a553,"public int redTicket(int a, int b, int c)
{
    if (a == 2 && b == 2 && c == 2)
    {
    	return 10;
    }
    else if (a == b && b == c && a == c)
    {
    	return 5;
    }
    else if (b != a && c!= a)
    {
    	return 1;
    }
    else
    {
    	return 0;
    }
}
",1,,,0
9dc0767266c1756dfc9cc953a7b44c96b56ff94a,"public int sum67(int[] nums)
{
	int sum = 0;
	//boolean sixMode = false;
	for(int i = 0; i < nums.length; i++)
	{
		if (i != 6)
		{
			sum += nums[i];
	}
	return sum;	   
}
",1,,,0
ecd2767c2649044a0da26903ef340674e89f1009,"public int[] fix45(int[] nums) {
  int[] result = nums;
  for(int i = 0; i < result.length; i++) {
      if(result[i] == 4 && i != result.length) {
          int index = findIndexOfValidFive(result);
           
          if(index != -1) {
              int temp = result[i + 1];
              result[i + 1] = result[index];
              result[index] = temp;
          }
      }
  }  
   
  return result;
}
 
public int findIndexOfValidFive(int[] nums) {
    for(int i = 0; i < nums.length; i++) {
        if((i == 0 && nums[i] == 5) || (nums[i] == 5 && nums[i - 1] != 4)) {
            return i;
        }
    }
     
    return -1;",1,,,0
6f326caf302bdfdbefc02faf1dc435ba9d9f04d6,"public boolean isEverywhere(int[] nums, int val)
{
    for (int i = 0; i < nums.length - 1; i++)
    {
        if ((nums[i] != val) && (nums[i + 1] != val))
        {
            return false;
        }          
        
    }
     return true;
}
",1,,,0
3afcfb5b95bbb4959ca6608a9210a1470ece3f60,"public boolean cigarParty(int cigars, boolean isWeekend)
{
    if (cigars >= 40 && cigars <= 60 && false)
    {
        return true;
    }
    
    
    
    return false;
}
",1,,,0
665bc82d890d74501a41102dfa9e7958d532ef75,"public boolean cigarParty(int cigars, boolean isWeekend)
{
    if(isWeekend){
    	return (40 <= cigars);
    }
    else{
    	return(40 <= cigars <= 60);
    }
}
",1,,,0
19ba7bfcee6055c6de2d7811621ab2cb9e901bcd,"   public static boolean bobThere( String str )
    {
        for ( int i = 0; i < str.length() - 2; i++ )
        {
            if ( str.charAt( i ) == 'b' && str.charAt( i + 2 ) == 'b' )
            {
                return true;
            }
        }

        return false;
    }
",1,,,0
9c1b24f0268b9d5238feaf59114da5d3b827e88f,"public boolean bobThere(String str)
{
    for (int i = 0; i < str.length() - 2; i++) 
    {
    if (str.charAt(i) == 'b' && str.charAt(i + 2) == 'b')
    {
        return true;
    }
    }
    return false;
}
",1,,,0
c54e11cb478e27d72c9c30ea5dbd6d307e20846d,"public int[] seriesUp(int n)
{
    int[] ans = new int[n * (n + 1)/2];
    
    int count = 0;
    
    for (int i = 1; i <= n; i++)
    {
        for (int j = 1; j <= i; i++)
        {
         	ans[count] = j;
            count++;
        }
    }
    
    return ans;
}
",1,,,0
ff2c788cde3e893144e29eebedc5a72de86ce95c,"public String getSandwich(String str)
{
    String result = """";
    int first = str.indexOf(""bread"");
    int last = str.lastIndexOf(""bread"");
    
    if (first < 0 || last < 0 || first == last)
    {
        return result;
    }
    if (first > 0 && last >= 0)
    {
        return str.substing(first + 5,last);
    }
}",1,,,0
54f16f3c5196c9d23444381409e354f9fae465c0,"public int sum3(int[] nums)
{
    return nums[0] + nums[1] + nums[2];
}
",1,,,0
0a981e4d5656917703eeb416a1a0e490b9d2cba4,"public boolean twoTwo(int[] nums)
{
    if (nums.length == 1 && nums[0] == 2)
    {
        return false;
    }
    if (nums.length >= 2 && ((nums[0] == 2 && nums[1] != 2) ||
        (nums[nums.length-1] == 2 && nums[nums.length-2] != 2)))
    {
        return false;  
    }
    for (int i = 1; i <= nums.length - 2; i++)
    {
        if (nums[i] == 2 && nums[i-1] != 2 && nums[i+1] != 2)
        {
            return false;
        }
    }                                    
    return true;
}",1,,,0
b1734b84d9123cc28d3f62e758b480ab26ea8fb9,"public int sortaSum(int a, int b)
{
   int sum = a + b;
   if (sum >= 10 && sum <= 19)
   {
   		return 20; 
   }
   else
   {
   		return sum;
   }
}
",1,,,0
4465ac2e7e70f3ac5ddbd490bd262cc0c4f6249d,"public int[] frontPiece(int[] nums)
{
    int [] grid = new int[2];
    
    // establish logi for checking nums.
    // add the proper elements of nums into a new array 
    if (nums.length == 1)
    {
        return grid[0] = nums[0];
    }
    else if (nums.length == 0)
    {
        return grid;
    }
    else
    {
        grid[0] = nums[0];
        grid[1] = nums[1];
        return grid[];
    }
}
",1,,,0
3f6ce9f2ddfb53e5378e466129ae3aa31c0e9222,"public boolean endOther(String a, String b)
{
    String lowera = a.toLowerCase();
   String lowerb = b.toLowerCase();
   int lengtha = lowera.length();
    int lengthb = lowerb.length();
    if (lengtha > lengthb) 
    {
        String last 
            last = lowera.substring(lengtha - lengthb);
    }
        if ( last= lowerb)
        {
			return true;
  			  }
    
    if (lengthb > lengtha)
    {
    	String last2 = lowera.substring(lengthb - lengtha);
    }
	if ( last2 = lowera){
    return true; 
    }  
  return false;
}
",1,,,0
691ca0e9aab2fdfe2cb24a721e5c78374e77eed8,"public int sum67(int[] nums)
{
        int sum = 0;
    boolean inRange = false;
      
    for(int i = 0; i < nums.length; i++) {
        if(nums[i] == 6)
            inRange = true;

        if(!inRange)
            sum += nums[i];
                                        
        if(inRange && nums[i] == 7)
            inRange = false;
                                                        
    }
                                                            
    return sum;
}
",1,,,0
62d5d815159b1c7fe5e22f80fa58bfdff30d2d35,"public int[] frontPiece(int[] nums)
{
    int[] firstTwoExtra = new int[nums.length]; 
    
    if (nums.length >= 2)
    {
        int[] firstTwo = new int[2];
        firstTwo[0] = nums[0];
        firstTwo[1] = nums[1];
     	return firstTwo  ;
    }
    else
    {
        int[] firstTwo = new int[nums.length]; 
     	for (int i = 0; i < nums.length; i++)
        {
            firstTwo[i] = nums[i];
            return firstTwo;
        }
    }
    return firstTwoExtra;
}
",1,,,0
14ced47f38f6da0c3afcc08c0bcb9ed96b5c73fe,"public String getSandwich(String str)
{
    if (str.indexOf(""bread"") > 0) // if there are two peices of bread
    {
         System.out.print(str.indexOf(""bread""));
        return ""no"";
    }
    else
    {
        return """";
    }
}
",1,,,0
27faba7aee4570488c76c3f9b70a86e66b50473b,"public boolean cigarParty(int cigars, boolean isWeekend)
{
    if (isWeekend)
    {
        return 40 <= cigars;
    }
    if (40 <= cigars && cigars <= 60)
    {
        return true;
    }
    else
    {
        return false;
    }
    
}
",1,,,0
1b4bc3db4384e557545a3c1666dbcb582abe07c0,"public int redTicket(int a, int b, int c)
{
    if(a = 2 && b == 2 && c == a)
    {
        return 10;
    }
    else if(a == b == c)
    {
        return 5;
    }
    else if(a != b && a != c)
    {
        return 1;
    }
    else
    {
        return 0;
    }
}
",1,,,0
7862665265faf85e50ada49c030c401c79b4301c,"public boolean sameEnds(int[] nums, int n)
{
    for (int i = 0; i < n; i++)
    {
        if (nums[i] != nums[nums.length - (n - i)])
        {
            return false;
        }
    }
    
    return true;
}
",1,,,0
d5ce442602f709f5b69882191e66e3dbc3382576,"public int blackjack(int a, int b)
{
    if (a > b && a <= 21)
    {
        return a;
    }
    else if (b > a && b <= 21)
    {
        return b;
    }
    else if (a > 21 || b > 21)
    {
        return 0;
    }
}
",1,,,0
62c62c2b35bd444c54959c776279bfb352a08834,"public int dateFashion(int you, int date)
{
    if (you >= 8) || (date >= 8))
    {
        return 2;
    }
    else if (you <= 2) || (date <= 2))
    {
        return 0;
    }
    else
    {
        return 1;
    }
    
}
",1,,,0
9c76d794fcabef309cf683426bf8f9a892012af8,"public int[] frontPiece(int[] nums)
{
    if (nums.length < 2)
    {
       if (nums.length == 1)
       {  
        return new int[]{nums[1]};
       }
        else
        {
             return new int[]{nums[0]};
        }
    }
    else 
    {
        return new int[] {nums[0], nums[1]};
    }
}
",1,,,0
852602c47446f37d36d8cc336a76e90619329e74,"public boolean cigarParty(int cigars, boolean isWeekend)
{
    if(isWeekend){
    	return (40 <= cigars);
    }
    else{
    	return(40 <= cigars && cigars <= 60);
    }
}
",1,,,0
a9e28b208ebd799c89289ae125794d7301b373d2,"public boolean isEverywhere(int[] nums, int val)
{
    for (int i = 1; i < nums.length() - 1; i++)
    {
        if (nums[i - 1] != val && nums[i + 1] != val)
            return false;
    }
    return true;
}
",1,,,0
9e81d1a2a7638c14b721846f5090b36ad07ab308,"public int[] seriesUp(int n)
{
    int[] result = new int[(n * (n + 1)) / 2];
    int count = 1;
    int index = 0;
    for (int i = 0; i < result.length; i++)
    {
        for (int j = 0; j < count; j++)
        {
            result[index] = j;
        	index++;
        }
        count++;
    }
}
",1,,,0
774fb6ad9286581a00dc73adcaae63d8b283ddb1,"public boolean endOther(String a, String b)
{
    String strA = a.toLowerCase();
    String strB = b.toLowerCase();
    return (strA.endsWith(strB) || strB.endsWith(strA));
}
",1,,,0
13864ac96c4023a6c7e3db73dd0c11750234fe40,"def make_chocolate(small, big, goal):
    if goal >= 5 * big:
        remainder = goal - 5 * big
    else:
        remainder = goal % 5
        
    if remainder <= small:
        return remainder
        
    return -1",1,,,0
d3bbd5372c67b93d7e4c5f3425ac793bb5763980,"public int sortaSum(int a, int b)
{
    int sum = a + b;
    if (sum >= 10 && sum <= 19)
        return 20;
    return sum;
}
",1,,,0
3716e52883778fd89a65151c2b55e28aaab539b2,"public int caughtSpeeding(int speed, boolean isBirthday)
{ if (speed <= 60)
{
    return 0;
}
if (speed >= 61 && speed <= 80)
{
    return 1;
}
if (isBirthday())
{
    return 2;
}
}
",1,,,0
f7b47c261f888fe99159f9f86c3bdfa5878c0fe8,"public int[] frontPiece(int[] nums)
{
    int[] first2 = new int[2];
    for (int i=0; i < 2 && i < nums.length; i++)
    {
        first2[i] = nums[i];
    }
    return first2;
}
",1,,,0
e4bc09ebabaf0985bf4c9579c9aa991d782d0f12,"public boolean endOther(String a, String b)
{
   	String lowerA = a.toLowerCase();
    String lowerB = b.toLowerCase();
    int lengthA = a.length();
    int lengthB = b.length();
    String end;
    String temp;
    if (lengthA >= lengthB)
    {
        end = lowerA.substring(lengthA - lengthB);
        temp = lowerB;
    	return (end.equals(temp));
    }
    else if (lengthA < lengthB)
    {
        end = lowerB.substring(lengthB - lengthA);
    	temp = lowerA;
		return (end.equals(temp));
    }
}
",1,,,0
f8c8f4efee98304059e93cff4182647b5c714774,"public boolean love6(int a, int b)
{
    if (a == 6 || b == 6)
        return true;
    if ((a + b) = 6 || Math.abs(a - b) == 6)
        return true;
}
",1,,,0
6741b56c979c49e6c1c5b18c77a387cfc473512d,"public int sum3(int[] nums)
{
    int sum = 0;
    for (int i = 0; i < nums.length(); i++)
    {
        sum += nums[i];
    }
    return sum;
        
}
",1,,,0
b16439cf6ef5c619010c64a8fb33444995f538e6,"public String plusOut(String str, String word)
{
    String returnString = """";
    int lastIndex = str.indexOf(word);
    int i = lastIndex;
    
    while (i < str.length())   
    {
        if (i == str.indexOf(word, lastIndex))
        {
            returnString = returnString + word;
            lastIndex = i;
            i += (word.length() - 1);
        }
        
        else
        {
            returnString = returnString + ""+"";
            i++;
        }
    }
	return returnString;
}
",1,,,0
dea353e4fa8946278ebcfad2f8039a9f72b55b28,"public int sum3(int[] nums)
{
 return nums[0] + nums[1] + nums[2];   
}
",1,,,0
708073e053068889622d8588b7bec2ceea644404,"public int sum3(int[] nums)
{
    return nums[0] + nums[1] + nums[2];
}
",1,,,0
83a9aaf35a8972085b71c5e056de43a7db192899,"public int[] fizzArray(int n)
{
    int[] result = new int[n];
        for (int i = 0; i<n;i++)
        {
            result[i-1] = i;
        }
    return result;
}
",1,,,0
